Timestamp,Temperature,Humidity,Pressure,Rain Sensor,Light Sensor,Wind Speed,Wind Bearing
2025-02-11 09:42:42,17.18,73.45,1025.1,3329,1537,47.0,292.0
2025-02-11 09:42:44,17.19,73.45,1025.09,3344,1536,47.0,292.0
2025-02-11 09:42:46,17.2,73.44,1025.12,3345,1537,47.0,292.0
2025-02-11 09:42:48,17.2,73.43,1025.09,3328,1520,47.0,292.0
2025-02-11 09:42:50,17.2,73.42,1025.07,3329,1504,47.0,292.0
2025-02-11 09:42:52,17.2,73.42,1025.09,3344,1473,47.0,292.0
2025-02-11 09:42:54,17.2,73.42,1025.11,3344,1472,47.0,292.0
2025-02-11 09:42:56,17.21,73.42,1025.11,3328,1473,47.0,292.0
2025-02-11 09:42:58,17.21,73.42,1025.12,3344,1489,47.0,292.0
2025-02-11 09:43:00,17.21,73.42,1025.1,3328,1536,47.0,292.0
2025-02-11 09:43:02,17.21,73.42,1025.08,3345,1553,47.0,292.0
2025-02-11 09:43:04,17.21,73.42,1025.08,3344,1536,47.0,292.0
2025-02-11 09:43:06,17.22,73.43,1025.1,3344,1520,47.0,292.0
2025-02-11 09:43:08,17.22,73.43,1025.12,3344,1505,47.0,292.0
2025-02-11 09:43:10,17.23,73.43,1025.09,3328,1473,47.0,292.0
2025-02-11 09:43:12,17.23,73.43,1025.14,3344,1457,47.0,292.0
2025-02-11 09:43:14,17.23,73.41,1025.11,3328,1488,47.0,292.0
2025-02-11 09:43:16,17.23,73.39,1025.11,3344,1488,47.0,292.0
2025-02-11 09:43:18,17.23,73.37,1025.11,3345,1504,47.0,292.0
2025-02-11 09:43:20,17.23,73.36,1025.11,3345,1521,47.0,292.0
2025-02-11 09:43:22,17.24,73.35,1025.11,3344,1552,47.0,292.0
2025-02-11 09:43:24,17.21,73.28,1025.06,3344,1553,47.0,292.0
2025-02-11 09:43:26,17.22,73.25,1025.07,3345,1520,47.0,292.0
2025-02-11 09:43:28,17.22,73.25,1025.1,3328,1504,47.0,292.0
2025-02-11 09:43:30,17.23,73.26,1025.11,3329,1473,47.0,292.0
2025-02-11 09:43:32,17.24,73.3,1025.12,3329,1489,47.0,292.0
2025-02-11 09:43:34,17.25,73.31,1025.12,3329,1520,47.0,292.0
2025-02-11 09:43:36,17.25,73.3,1025.11,3345,1552,47.0,292.0
2025-02-11 09:43:38,17.25,73.29,1025.13,3345,1520,47.0,291.0
2025-02-11 09:43:40,17.26,73.31,1025.11,3344,1489,47.0,292.0
2025-02-11 09:43:42,17.27,73.33,1025.1,3328,1473,47.0,292.0
2025-02-11 09:43:44,17.27,73.33,1025.11,3344,1504,47.0,292.0
2025-02-11 09:43:46,17.27,73.3,1025.15,3345,1553,47.0,292.0
2025-02-11 09:43:48,17.27,73.29,1025.1,3345,1553,47.0,292.0
2025-02-11 09:43:50,17.28,73.29,1025.18,3329,1521,47.0,292.0
2025-02-11 09:43:52,17.29,73.3,1025.13,3280,1488,47.0,292.0
2025-02-11 09:43:54,17.3,73.32,1025.13,3328,1488,47.0,292.0
2025-02-11 09:43:56,17.3,73.3,1025.13,3344,1537,47.0,292.0
2025-02-11 09:43:58,17.3,73.3,1025.14,3345,1553,47.0,292.0
2025-02-11 09:44:00,17.3,73.29,1025.1,3344,1536,47.0,292.0
2025-02-11 09:44:02,17.31,73.29,1025.13,3344,1488,47.0,294.0
2025-02-11 09:44:04,17.32,73.29,1025.14,3344,1473,47.0,292.0
2025-02-11 09:44:06,17.31,73.28,1025.12,3361,1521,47.0,292.0
2025-02-11 09:44:08,17.31,73.28,1025.09,3344,1553,47.0,292.0
2025-02-11 09:44:10,17.32,73.31,1025.1,3344,1520,47.0,292.0
2025-02-11 09:44:12,17.31,73.31,1025.12,3344,1473,47.0,292.0
2025-02-11 09:44:14,17.32,73.3,1025.13,3344,1488,47.0,292.0
2025-02-11 09:44:16,17.32,73.3,1025.13,3328,1521,47.0,292.0
2025-02-11 09:44:18,17.32,73.29,1025.12,3328,1537,47.0,292.0
2025-02-11 09:44:20,17.34,73.35,1025.15,3344,1504,47.0,292.0
2025-02-11 09:44:22,17.33,73.35,1025.13,3345,1473,47.0,292.0
2025-02-11 09:44:24,17.32,73.33,1025.13,3344,1569,47.0,292.0
2025-02-11 09:44:27,17.4,73.58,1025.16,3345,1505,47.0,292.0
2025-02-11 09:44:29,17.42,73.72,1025.14,3345,1489,47.0,292.0
2025-02-11 09:44:31,17.42,73.77,1025.14,3344,1552,47.0,292.0
2025-02-11 09:44:33,17.42,73.72,1025.16,3360,1505,47.0,292.0
2025-02-11 09:44:35,17.41,73.63,1025.16,3345,1488,47.0,292.0
2025-02-11 09:44:37,17.41,73.59,1025.13,3328,1521,47.0,292.0
2025-02-11 09:44:39,17.42,73.57,1025.17,3312,1553,47.0,292.0
2025-02-11 09:44:41,17.42,73.57,1025.16,3312,1505,47.0,292.0
2025-02-11 09:44:43,17.41,73.56,1025.14,3345,1489,47.0,291.0
2025-02-11 09:44:45,17.41,73.57,1025.15,3329,1553,47.0,292.0
2025-02-11 09:44:47,17.43,73.68,1025.14,3328,1520,47.0,292.0
2025-02-11 09:44:49,17.44,73.75,1025.14,3344,1489,47.0,292.0
2025-02-11 09:44:51,17.44,73.73,1025.14,3344,1552,47.0,292.0
2025-02-11 09:44:53,17.44,73.68,1025.14,3344,1488,47.0,292.0
2025-02-11 09:44:55,17.43,73.65,1025.12,3345,1553,47.0,292.0
2025-02-11 09:44:57,17.43,73.63,1025.16,3345,1520,47.0,292.0
2025-02-11 09:44:59,17.43,73.59,1025.15,3328,1521,47.0,292.0
2025-02-11 09:45:01,17.43,73.57,1025.18,3329,1552,47.0,292.0
2025-02-11 09:45:03,17.44,73.57,1025.16,3329,1489,47.0,292.0
2025-02-11 09:45:05,17.43,73.54,1025.16,3345,1569,47.0,292.0
2025-02-11 09:45:07,17.43,73.51,1025.16,3328,1505,47.0,292.0
2025-02-11 09:45:09,17.43,73.5,1025.16,3344,1521,47.0,292.0
2025-02-11 09:45:11,17.43,73.49,1025.13,3344,1553,47.0,292.0
2025-02-11 09:45:13,17.43,73.47,1025.13,3345,1488,47.0,292.0
2025-02-11 09:45:15,17.43,73.46,1025.17,3345,1569,47.0,292.0
2025-02-11 09:45:17,17.43,73.45,1025.15,3344,1536,47.0,292.0
2025-02-11 09:45:19,17.42,73.43,1025.16,3344,1504,47.0,292.0
2025-02-11 09:45:21,17.43,73.47,1025.13,3345,1569,47.0,292.0
2025-02-11 09:45:23,17.43,73.5,1025.15,3329,1521,47.0,292.0
2025-02-11 09:45:25,17.43,73.5,1025.16,3345,1520,47.0,292.0
2025-02-11 09:45:27,17.43,73.48,1025.1,3329,1569,47.0,292.0
2025-02-11 09:45:29,17.44,73.47,1025.19,3329,1505,47.0,292.0
2025-02-11 09:45:31,17.44,73.46,1025.15,3345,1536,47.0,292.0
2025-02-11 09:45:33,17.46,73.44,1025.16,3329,1408,47.0,292.0
2025-02-11 09:45:35,17.45,73.42,1025.12,3344,1505,47.0,293.0
2025-02-11 09:45:37,17.44,73.41,1025.11,3312,1553,47.0,292.0
2025-02-11 09:45:39,17.46,73.4,1025.14,3344,1537,47.0,292.0
2025-02-11 09:45:41,17.45,73.39,1025.15,3344,1489,47.0,292.0
2025-02-11 09:45:43,17.45,73.38,1025.14,3344,1568,47.0,292.0
2025-02-11 09:45:45,17.46,73.38,1025.16,3313,1520,47.0,292.0
2025-02-11 09:45:47,17.46,73.39,1025.12,3345,1504,47.0,292.0
2025-02-11 09:45:49,17.46,73.37,1025.16,3328,1568,47.0,292.0
2025-02-11 09:45:51,17.46,73.33,1025.17,3329,1521,47.0,292.0
2025-02-11 09:45:53,17.47,73.32,1025.14,3344,1504,47.0,292.0
2025-02-11 09:45:55,17.47,73.35,1025.14,3345,1568,47.0,292.0
2025-02-11 09:45:57,17.47,73.34,1025.17,3345,1521,47.0,292.0
2025-02-11 09:45:59,17.48,73.34,1025.14,3344,1504,47.0,292.0
2025-02-11 09:46:01,17.48,73.34,1025.15,3328,1569,47.0,292.0
2025-02-11 09:46:03,17.47,73.33,1025.13,3328,1585,47.0,292.0
2025-02-11 09:46:05,17.47,73.34,1025.16,3329,1505,47.0,292.0
2025-02-11 09:46:07,17.48,73.34,1025.18,3344,1536,47.0,292.0
2025-02-11 09:46:09,17.49,73.33,1025.15,3345,1552,47.0,292.0
2025-02-11 09:46:11,17.48,73.33,1025.13,3328,1520,47.0,292.0
2025-02-11 09:46:13,17.49,73.33,1025.16,3345,1489,47.0,292.0
2025-02-11 09:46:15,17.48,73.3,1025.14,3344,1585,47.0,292.0
2025-02-11 09:46:18,17.48,73.26,1025.15,3345,1440,47.0,292.0
2025-02-11 09:46:20,17.5,73.27,1025.17,3345,880,47.0,292.0
2025-02-11 09:46:22,17.5,73.27,1025.17,3329,960,47.0,292.0
2025-02-11 09:46:24,17.53,73.28,1025.16,3344,1296,47.0,292.0
2025-02-11 09:46:26,17.55,73.33,1025.16,3345,1489,47.0,292.0
2025-02-11 09:46:28,17.57,73.34,1025.15,3344,1424,47.0,292.0
2025-02-11 09:46:30,17.58,73.35,1025.16,3344,1425,47.0,292.0
2025-02-11 09:46:32,17.6,73.37,1025.16,3345,1473,47.0,292.0
2025-02-11 09:46:34,17.63,73.37,1025.17,3345,1441,47.0,292.0
2025-02-11 09:46:36,17.62,73.37,1025.14,3344,1408,47.0,292.0
2025-02-11 09:46:38,17.69,73.56,1025.15,3329,1457,47.0,292.0
2025-02-11 09:46:40,17.73,73.63,1025.15,3344,1504,47.0,292.0
2025-02-11 09:46:42,17.75,73.66,1025.13,3344,1472,47.0,292.0
2025-02-11 09:46:44,17.76,73.64,1025.15,3345,1441,47.0,292.0
2025-02-11 09:46:46,17.76,73.59,1025.13,3345,1489,47.0,292.0
2025-02-11 09:46:48,17.76,73.53,1025.16,3361,1505,47.0,292.0
2025-02-11 09:46:50,17.76,73.5,1025.12,3328,1473,47.0,292.0
2025-02-11 09:46:52,17.75,73.46,1025.16,3344,1425,47.0,292.0
2025-02-11 09:46:54,17.76,73.45,1025.14,3344,1393,47.0,292.0
2025-02-11 09:46:56,17.76,73.43,1025.16,3344,1424,47.0,292.0
2025-02-11 09:46:58,17.76,73.41,1025.16,3345,1488,47.0,292.0
2025-02-11 09:47:00,17.76,73.39,1025.15,3345,1472,47.0,292.0
2025-02-11 09:47:02,17.76,73.39,1025.17,3329,1441,47.0,292.0
2025-02-11 09:47:04,17.77,73.38,1025.16,3345,1393,47.0,292.0
2025-02-11 09:47:06,17.77,73.39,1025.17,3344,1392,47.0,292.0
2025-02-11 09:47:08,17.77,73.35,1025.16,3360,1424,47.0,292.0
2025-02-11 09:47:10,17.77,73.34,1025.16,3329,1457,47.0,292.0
2025-02-11 09:47:12,17.79,73.34,1025.15,3345,1473,47.0,292.0
2025-02-11 09:47:14,17.78,73.31,1025.17,3329,1441,47.0,292.0
2025-02-11 09:47:16,17.78,73.29,1025.19,3345,1408,47.0,292.0
2025-02-11 09:47:18,17.8,73.29,1025.16,3328,1408,47.0,292.0
2025-02-11 09:47:20,17.8,73.3,1025.13,3328,1280,47.0,292.0
2025-02-11 09:47:22,17.81,73.34,1025.14,3344,1185,47.0,292.0
2025-02-11 09:47:24,17.84,73.48,1025.15,3296,1168,47.0,292.0
2025-02-11 09:47:26,17.89,73.52,1025.17,3345,1440,47.0,292.0
2025-02-11 09:47:28,17.9,73.47,1025.15,3344,1472,47.0,292.0
2025-02-11 09:47:30,17.93,73.58,1025.16,3344,1536,47.0,292.0
2025-02-11 09:47:32,17.94,73.81,1025.17,3345,1473,47.0,292.0
2025-02-11 09:47:34,17.94,73.81,1025.17,3345,1456,47.0,292.0
2025-02-11 09:47:36,17.94,73.74,1025.17,3345,1520,47.0,292.0
2025-02-11 09:47:38,17.94,73.72,1025.15,3329,1520,47.0,292.0
2025-02-11 09:47:40,17.94,73.69,1025.16,3344,1472,47.0,292.0
2025-02-11 09:47:42,17.93,73.65,1025.16,3344,1473,47.0,292.0
2025-02-11 09:47:44,17.93,73.6,1025.17,3344,1568,47.0,292.0
2025-02-11 09:47:46,17.93,73.57,1025.17,3329,1425,47.0,292.0
2025-02-11 09:47:48,17.93,73.53,1025.18,3344,1313,47.0,292.0
2025-02-11 09:47:50,17.93,73.5,1025.16,3344,1456,47.0,292.0
2025-02-11 09:47:52,17.94,73.51,1025.15,3344,1409,47.0,292.0
2025-02-11 09:47:54,17.94,73.55,1025.16,3345,1425,47.0,292.0
2025-02-11 09:47:56,17.94,73.53,1025.15,3344,1440,47.0,292.0
2025-02-11 09:47:58,17.96,73.54,1025.14,3344,1488,47.0,292.0
2025-02-11 09:48:00,17.97,73.61,1025.16,3328,1456,47.0,292.0
2025-02-11 09:48:02,17.97,73.61,1025.14,3344,1424,47.0,292.0
2025-02-11 09:48:04,17.96,73.58,1025.18,3280,1489,47.0,292.0
2025-02-11 09:48:06,17.98,73.64,1025.16,3345,1504,47.0,292.0
2025-02-11 09:48:08,17.98,73.68,1025.18,3329,1440,47.0,292.0
2025-02-11 09:48:11,17.99,73.73,1025.15,3329,1441,47.0,292.0
2025-02-11 09:48:13,18.01,73.83,1025.16,3329,1456,47.0,292.0
2025-02-11 09:48:15,18.02,73.93,1025.18,3344,1441,47.0,292.0
2025-02-11 09:48:17,18.03,73.89,1025.14,3345,1408,47.0,292.0
2025-02-11 09:48:19,18.02,73.82,1025.18,3312,1457,47.0,292.0
2025-02-11 09:48:21,18.02,73.71,1025.13,3344,1456,47.0,292.0
2025-02-11 09:48:23,18.01,73.63,1025.15,3344,1424,47.0,292.0
2025-02-11 09:48:25,18.01,73.56,1025.17,3344,1376,47.0,292.0
2025-02-11 09:48:27,18.0,73.52,1025.15,3329,1441,47.0,292.0
2025-02-11 09:48:29,18.01,73.49,1025.15,3344,1456,47.0,292.0
2025-02-11 09:48:31,18.02,73.46,1025.12,3345,1393,47.0,292.0
2025-02-11 09:48:33,18.03,73.54,1025.17,3329,1392,47.0,292.0
2025-02-11 09:48:35,18.05,73.67,1025.17,3328,1456,47.0,292.0
2025-02-11 09:48:37,18.04,73.7,1025.14,3345,1456,47.0,292.0
2025-02-11 09:48:39,18.05,73.7,1025.16,3345,1409,47.0,292.0
2025-02-11 09:48:41,18.05,73.65,1025.18,3344,1409,47.0,292.0
2025-02-11 09:48:43,18.07,73.59,1025.17,3328,1473,47.0,292.0
2025-02-11 09:48:45,18.1,73.72,1025.13,3328,1472,47.0,292.0
2025-02-11 09:48:47,18.12,73.83,1025.16,3345,1457,47.0,291.0
2025-02-11 09:48:49,18.12,73.86,1025.17,3344,1440,47.0,292.0
2025-02-11 09:48:51,18.12,73.86,1025.15,3344,1472,47.0,292.0
2025-02-11 09:48:53,18.12,73.76,1025.13,3344,1520,47.0,292.0
2025-02-11 09:48:55,18.13,73.72,1025.11,3345,1473,47.0,292.0
2025-02-11 09:48:57,18.15,73.66,1025.15,3329,1441,47.0,292.0
2025-02-11 09:48:59,18.15,73.63,1025.15,3344,1472,47.0,292.0
2025-02-11 09:49:01,18.15,73.71,1025.15,3344,1505,47.0,292.0
2025-02-11 09:49:03,18.15,73.72,1025.18,3328,1473,47.0,292.0
2025-02-11 09:49:05,18.14,73.67,1025.15,3344,1313,47.0,292.0
2025-02-11 09:49:07,18.13,73.6,1025.13,3329,1360,47.0,292.0
2025-02-11 09:49:09,18.13,73.56,1025.12,3344,1393,47.0,292.0
2025-02-11 09:49:11,18.14,73.54,1025.17,3344,1360,47.0,292.0
2025-02-11 09:49:13,18.16,73.54,1025.16,3344,1328,47.0,292.0
2025-02-11 09:49:15,18.17,73.53,1025.15,3329,1425,47.0,292.0
2025-02-11 09:49:17,18.17,73.51,1025.13,3344,1553,47.0,292.0
2025-02-11 09:49:19,18.18,73.47,1025.18,3345,1585,47.0,292.0
2025-02-11 09:49:21,18.18,73.45,1025.16,3345,1553,47.0,292.0
2025-02-11 09:49:23,18.17,73.42,1025.16,3344,1521,47.0,292.0
2025-02-11 09:49:25,18.17,73.41,1025.17,3345,1520,47.0,292.0
2025-02-11 09:49:27,18.16,73.39,1025.15,3345,1568,47.0,292.0
2025-02-11 09:49:29,18.16,73.37,1025.15,3328,1424,47.0,292.0
2025-02-11 09:49:31,18.17,73.35,1025.15,3344,1505,47.0,292.0
2025-02-11 09:49:33,18.18,73.32,1025.14,3344,1473,47.0,292.0
2025-02-11 09:49:35,18.2,73.31,1025.16,3344,1457,47.0,292.0
2025-02-11 09:49:37,18.2,73.29,1025.16,3329,1649,47.0,292.0
2025-02-11 09:49:39,18.21,73.28,1025.11,3328,1681,47.0,292.0
2025-02-11 09:49:41,18.21,73.28,1025.13,3344,1681,47.0,292.0
2025-02-11 09:49:43,18.21,73.28,1025.13,3345,1665,47.0,292.0
2025-02-11 09:49:45,18.21,73.28,1025.13,3329,1648,47.0,292.0
2025-02-11 09:49:47,18.2,73.28,1025.13,3345,1649,47.0,292.0
2025-02-11 09:49:49,18.2,73.27,1025.15,3345,1697,47.0,292.0
2025-02-11 09:49:51,18.19,73.25,1025.14,3345,1760,47.0,294.0
2025-02-11 09:49:53,18.21,73.34,1025.14,3345,1745,47.0,292.0
2025-02-11 09:49:55,18.21,73.42,1025.15,3345,1745,47.0,292.0
2025-02-11 09:49:57,18.22,73.4,1025.12,3345,1713,47.0,292.0
2025-02-11 09:49:59,18.22,73.33,1025.16,3344,1713,47.0,292.0
2025-02-11 09:50:01,18.22,73.29,1025.17,3344,1728,47.0,292.0
2025-02-11 09:50:04,18.23,73.28,1025.15,3328,1296,47.0,292.0
2025-02-11 09:50:06,18.25,73.35,1025.16,3345,1393,47.0,292.0
2025-02-11 09:50:08,18.32,73.49,1025.2,3345,1377,47.0,292.0
2025-02-11 09:50:10,18.35,73.69,1025.19,3344,1392,47.0,292.0
2025-02-11 09:50:12,18.38,73.84,1025.17,3344,1376,47.0,292.0
2025-02-11 09:50:14,18.37,73.88,1025.18,3328,1408,47.0,292.0
2025-02-11 09:50:16,18.38,73.82,1025.2,3345,1457,47.0,292.0
2025-02-11 09:50:18,18.37,73.67,1025.2,3329,1488,47.0,292.0
2025-02-11 09:50:20,18.37,73.57,1025.19,3344,1457,47.0,292.0
2025-02-11 09:50:22,18.38,73.52,1025.16,3344,1425,47.0,292.0
2025-02-11 09:50:24,18.39,73.56,1025.15,3344,1296,47.0,292.0
2025-02-11 09:50:26,18.38,73.59,1025.17,3344,1441,47.0,292.0
2025-02-11 09:50:28,18.4,73.55,1025.15,3360,1473,47.0,292.0
2025-02-11 09:50:30,18.42,73.54,1025.16,3345,1472,47.0,292.0
2025-02-11 09:50:32,18.42,73.44,1025.18,3344,1312,47.0,292.0
2025-02-11 09:50:34,18.43,73.36,1025.18,3344,1264,47.0,292.0
2025-02-11 09:50:36,18.43,73.29,1025.18,3329,864,47.0,292.0
2025-02-11 09:50:38,18.43,73.31,1025.16,3329,1441,47.0,292.0
2025-02-11 09:50:40,18.43,73.27,1025.2,3328,1440,47.0,292.0
2025-02-11 09:50:42,18.43,73.25,1025.2,3344,1377,47.0,292.0
2025-02-11 09:50:44,18.43,73.24,1025.16,3312,1377,47.0,292.0
2025-02-11 09:50:46,18.44,73.22,1025.17,3329,1440,47.0,292.0
2025-02-11 09:50:48,18.42,73.17,1025.16,3344,1441,47.0,292.0
2025-02-11 09:50:50,18.42,73.11,1025.18,3345,1392,47.0,292.0
2025-02-11 09:50:52,18.41,73.09,1025.16,3344,1360,47.0,292.0
2025-02-11 09:50:54,18.4,73.08,1025.17,3328,1361,47.0,292.0
2025-02-11 09:50:56,18.42,73.07,1025.17,3344,1424,47.0,292.0
2025-02-11 09:50:58,18.43,73.06,1025.19,3345,1393,47.0,292.0
2025-02-11 09:51:00,18.42,73.06,1025.19,3345,1441,47.0,292.0
2025-02-11 09:51:02,18.42,73.05,1025.16,3344,1472,47.0,292.0
2025-02-11 09:51:04,18.42,73.07,1025.16,3360,1425,47.0,292.0
2025-02-11 09:51:06,18.42,73.06,1025.19,3344,1424,47.0,292.0
2025-02-11 09:51:08,18.42,73.06,1025.16,3344,1488,47.0,291.0
2025-02-11 09:51:10,18.43,73.07,1025.21,3345,1456,47.0,292.0
2025-02-11 09:51:12,18.49,73.34,1025.2,3345,1424,47.0,292.0
2025-02-11 09:51:14,18.47,73.44,1025.19,3328,1440,47.0,292.0
2025-02-11 09:51:16,18.47,73.36,1025.17,3345,1489,47.0,292.0
2025-02-11 09:51:18,18.49,73.48,1025.21,3344,1472,47.0,292.0
2025-02-11 09:51:20,18.53,73.63,1025.17,3345,1440,47.0,292.0
2025-02-11 09:51:22,18.54,73.76,1025.18,3345,1425,47.0,292.0
2025-02-11 09:51:24,18.56,73.91,1025.19,3345,1457,47.0,292.0
2025-02-11 09:51:26,18.56,73.94,1025.21,3345,1472,47.0,292.0
2025-02-11 09:51:28,18.58,74.02,1025.2,3296,1472,47.0,292.0
2025-02-11 09:51:30,18.6,74.16,1025.21,3344,1440,47.0,292.0
2025-02-11 09:51:32,18.59,74.19,1025.16,3344,1409,47.0,292.0
2025-02-11 09:51:34,18.6,74.16,1025.21,3344,1425,47.0,292.0
2025-02-11 09:51:36,18.57,74.01,1025.2,3345,1473,47.0,292.0
2025-02-11 09:51:38,18.57,73.9,1025.19,3345,1457,47.0,292.0
2025-02-11 09:51:40,18.58,73.86,1025.19,3345,1424,47.0,292.0
2025-02-11 09:51:42,18.57,73.81,1025.19,3328,1313,47.0,292.0
2025-02-11 09:51:44,18.65,73.95,1025.18,3329,1376,47.0,292.0
2025-02-11 09:51:46,18.69,74.19,1025.12,3345,1377,47.0,292.0
2025-02-11 09:51:48,18.69,74.24,1025.18,3345,1313,47.0,292.0
2025-02-11 09:51:50,18.7,74.22,1025.17,3345,1328,47.0,292.0
2025-02-11 09:51:52,18.7,74.19,1025.16,3345,1457,47.0,292.0
2025-02-11 09:51:54,18.7,74.11,1025.18,3344,1488,47.0,292.0
2025-02-11 09:51:57,18.69,74.07,1025.14,3345,1425,47.0,292.0
2025-02-11 09:51:59,18.68,73.95,1025.16,3361,1392,47.0,292.0
2025-02-11 09:52:01,18.67,73.89,1025.16,3344,1440,47.0,292.0
2025-02-11 09:52:03,18.66,73.79,1025.17,3345,1456,47.0,292.0
2025-02-11 09:52:05,18.68,73.87,1025.16,3345,1425,47.0,292.0
2025-02-11 09:52:07,18.68,73.83,1025.19,3312,1409,47.0,292.0
2025-02-11 09:52:09,18.69,73.83,1025.17,3344,1440,47.0,292.0
2025-02-11 09:52:11,18.68,73.72,1025.15,3345,1440,47.0,292.0
2025-02-11 09:52:13,18.68,73.65,1025.17,3344,1408,47.0,292.0
2025-02-11 09:52:15,18.67,73.62,1025.16,3345,1312,47.0,292.0
2025-02-11 09:52:17,18.67,73.62,1025.14,3345,1297,47.0,292.0
2025-02-11 09:52:19,18.7,73.59,1025.18,3328,1009,47.0,292.0
2025-02-11 09:52:21,18.71,73.59,1025.16,3376,848,47.0,292.0
2025-02-11 09:52:23,18.72,73.58,1025.16,3344,1233,47.0,292.0
2025-02-11 09:52:25,18.75,73.69,1025.17,3344,1056,47.0,291.0
2025-02-11 09:52:27,18.76,73.7,1025.15,3345,1456,47.0,292.0
2025-02-11 09:52:29,18.77,73.7,1025.16,3344,1425,47.0,292.0
2025-02-11 09:52:31,18.78,73.61,1025.12,3344,1217,47.0,292.0
2025-02-11 09:52:33,18.83,73.77,1025.11,3344,1169,47.0,292.0
2025-02-11 09:52:35,18.84,73.82,1025.14,3344,1249,47.0,292.0
2025-02-11 09:52:37,18.83,73.77,1025.13,3344,1217,47.0,292.0
2025-02-11 09:52:39,18.85,73.7,1025.13,3344,1169,47.0,292.0
2025-02-11 09:52:41,18.94,73.93,1025.14,3344,912,47.0,292.0
2025-02-11 09:52:43,18.95,74.06,1025.13,3344,1008,47.0,292.0
2025-02-11 09:52:45,18.96,74.08,1025.14,3345,945,47.0,292.0
2025-02-11 09:52:47,18.97,74.08,1025.13,3344,977,47.0,292.0
2025-02-11 09:52:49,18.98,74.06,1025.17,3344,928,47.0,292.0
2025-02-11 09:52:51,18.97,74.02,1025.17,3345,880,47.0,292.0
2025-02-11 09:52:53,18.97,73.97,1025.13,3344,897,47.0,292.0
2025-02-11 09:52:55,18.97,73.88,1025.14,3328,1168,47.0,292.0
2025-02-11 09:52:57,18.97,73.82,1025.18,3344,1457,47.0,292.0
2025-02-11 09:52:59,18.93,73.71,1025.13,3345,1793,47.0,292.0
2025-02-11 09:53:01,18.91,73.6,1025.17,3328,1921,47.0,292.0
2025-02-11 09:53:03,18.89,73.54,1025.11,3345,1472,47.0,292.0
2025-02-11 09:53:05,18.89,73.54,1025.15,3344,1440,47.0,292.0
2025-02-11 09:53:07,18.89,73.59,1025.15,3393,1489,47.0,292.0
2025-02-11 09:53:09,18.89,73.59,1025.15,3345,1489,47.0,292.0
2025-02-11 09:53:11,18.89,73.62,1025.15,3345,1425,47.0,292.0
2025-02-11 09:53:13,18.91,73.72,1025.13,3344,1425,47.0,292.0
2025-02-11 09:53:15,18.88,73.61,1025.14,3328,1552,47.0,292.0
2025-02-11 09:53:17,18.86,73.5,1025.14,3328,1408,47.0,292.0
2025-02-11 09:53:19,18.86,73.42,1025.15,3345,1376,47.0,292.0
2025-02-11 09:53:21,18.87,73.37,1025.16,3329,1424,47.0,292.0
2025-02-11 09:53:23,18.88,73.38,1025.15,3329,1409,47.0,292.0
2025-02-11 09:53:25,18.91,73.5,1025.15,3329,1361,47.0,292.0
2025-02-11 09:53:27,18.91,73.51,1025.15,3329,1393,47.0,291.0
2025-02-11 09:53:29,18.92,73.48,1025.16,3329,1392,47.0,291.0
2025-02-11 09:53:31,18.93,73.42,1025.18,3329,1393,47.0,292.0
2025-02-11 09:53:33,18.93,73.4,1025.15,3329,1377,47.0,292.0
2025-02-11 09:53:35,18.93,73.39,1025.16,3328,1217,47.0,292.0
2025-02-11 09:53:37,18.95,73.42,1025.15,3328,1264,47.0,292.0
2025-02-11 09:53:39,18.95,73.41,1025.12,3329,1217,47.0,292.0
2025-02-11 09:53:41,18.95,73.38,1025.13,3329,1185,47.0,291.0
2025-02-11 09:53:43,18.96,73.34,1025.13,3328,1168,47.0,292.0
2025-02-11 09:53:45,18.96,73.3,1025.16,3328,1185,47.0,291.0
2025-02-11 09:53:47,18.97,73.28,1025.16,3344,1088,47.0,292.0
2025-02-11 09:53:50,18.96,73.24,1025.14,3329,1393,47.0,292.0
2025-02-11 09:53:52,18.97,73.19,1025.17,3329,1265,47.0,292.0
2025-02-11 09:53:54,18.99,73.25,1025.15,3344,1313,47.0,292.0
2025-02-11 09:53:56,19.02,73.48,1025.14,3329,1072,47.0,291.0
2025-02-11 09:53:58,19.11,73.72,1025.16,3329,1185,47.0,292.0
2025-02-11 09:54:00,19.12,73.95,1025.18,3328,1168,47.0,292.0
2025-02-11 09:54:02,19.13,73.96,1025.14,3328,1232,47.0,291.0
2025-02-11 09:54:04,19.12,73.78,1025.17,3329,1216,47.0,292.0
2025-02-11 09:54:06,19.12,73.62,1025.17,3328,1264,47.0,292.0
2025-02-11 09:54:08,19.12,73.59,1025.16,3328,1281,47.0,292.0
2025-02-11 09:54:10,19.15,73.66,1025.15,3328,1264,47.0,292.0
2025-02-11 09:54:12,19.14,73.68,1025.14,3329,1264,47.0,292.0
2025-02-11 09:54:14,19.15,73.74,1025.19,3328,1297,47.0,291.0
2025-02-11 09:54:16,19.15,73.85,1025.16,3329,1249,47.0,292.0
2025-02-11 09:54:18,19.15,73.78,1025.17,3328,1216,47.0,292.0
2025-02-11 09:54:20,19.11,73.56,1025.17,3328,1249,47.0,291.0
2025-02-11 09:54:22,19.1,73.46,1025.19,3328,1265,47.0,292.0
2025-02-11 09:54:24,19.08,73.4,1025.17,3345,1249,47.0,292.0
2025-02-11 09:54:26,19.08,73.34,1025.15,3329,1233,47.0,292.0
2025-02-11 09:54:28,19.12,73.56,1025.17,3296,1168,47.0,292.0
2025-02-11 09:54:30,19.11,73.59,1025.18,3345,1216,47.0,292.0
2025-02-11 09:54:32,19.13,73.57,1025.17,3329,960,47.0,292.0
2025-02-11 09:54:34,19.12,73.58,1025.12,3329,945,47.0,292.0
2025-02-11 09:54:36,19.14,73.63,1025.16,3328,977,47.0,292.0
2025-02-11 09:54:38,19.16,73.75,1025.14,3328,1105,47.0,292.0
2025-02-11 09:54:40,19.14,73.59,1025.14,3329,1056,47.0,292.0
2025-02-11 09:54:42,19.15,73.58,1025.13,3345,1056,47.0,292.0
2025-02-11 09:54:44,19.15,73.52,1025.16,3329,1088,47.0,292.0
2025-02-11 09:54:46,19.17,73.47,1025.11,3329,1089,47.0,292.0
2025-02-11 09:54:48,19.17,73.43,1025.15,3328,1057,47.0,292.0
2025-02-11 09:54:50,19.16,73.37,1025.15,3329,1184,47.0,292.0
2025-02-11 09:54:52,19.16,73.33,1025.14,3328,1248,47.0,292.0
2025-02-11 09:54:54,19.16,73.33,1025.15,3329,1233,47.0,292.0
2025-02-11 09:54:56,19.18,73.48,1025.16,3328,1233,47.0,292.0
2025-02-11 09:54:58,19.19,73.49,1025.12,3328,1280,47.0,291.0
2025-02-11 09:55:04,19.2,73.46,1025.14,3329,1248,47.0,292.0
2025-02-11 09:55:07,19.21,73.51,1025.14,3329,1233,47.0,291.0
2025-02-11 09:55:09,19.21,73.43,1025.16,3328,1264,47.0,292.0
2025-02-11 09:55:11,19.21,73.32,1025.15,3328,1265,47.0,291.0
2025-02-11 09:55:13,19.21,73.26,1025.16,3344,1249,47.0,292.0
2025-02-11 09:55:15,19.21,73.21,1025.17,3328,1280,47.0,292.0
2025-02-11 09:55:49,19.28,73.4,1025.13,3328,897,47.0,292.0
2025-02-11 09:55:51,19.29,73.35,1025.19,3329,832,47.0,291.0
2025-02-11 09:55:53,19.29,73.28,1025.16,3328,849,47.0,291.0
2025-02-11 09:55:55,19.29,73.18,1025.15,3328,769,47.0,292.0
2025-02-11 09:55:57,19.29,73.12,1025.14,3344,769,47.0,292.0
2025-02-11 09:55:59,19.28,73.04,1025.17,3329,769,47.0,292.0
2025-02-11 09:56:01,19.26,72.94,1025.13,3328,800,47.0,292.0
2025-02-11 09:56:03,19.28,72.93,1025.15,3328,832,47.0,292.0
2025-02-11 09:56:05,19.29,72.93,1025.17,3329,833,47.0,292.0
2025-02-11 09:56:07,19.29,72.89,1025.17,3328,785,47.0,291.0
2025-02-11 09:56:09,19.3,72.87,1025.14,3328,817,47.0,292.0
2025-02-11 09:56:11,19.3,72.86,1025.17,3297,833,47.0,292.0
2025-02-11 09:56:13,19.3,72.82,1025.15,3328,817,47.0,291.0
2025-02-11 09:56:15,19.3,72.8,1025.17,3328,817,47.0,291.0
2025-02-11 09:56:17,19.31,72.78,1025.14,3344,880,47.0,292.0
2025-02-11 09:56:20,19.32,72.75,1025.17,3329,1153,47.0,292.0
2025-02-11 09:56:22,19.32,72.77,1025.17,3329,1120,47.0,292.0
2025-02-11 09:56:24,19.32,72.77,1025.22,3328,1489,47.0,292.0
2025-02-11 09:56:26,19.31,72.75,1025.15,3329,1425,47.0,291.0
2025-02-11 09:56:28,19.3,72.72,1025.18,3344,1361,47.0,292.0
2025-02-11 09:56:30,19.3,72.7,1025.14,3329,1408,47.0,292.0
2025-02-11 09:56:32,19.29,72.69,1025.18,3329,1440,47.0,292.0
2025-02-11 09:56:34,19.27,72.62,1025.15,3328,1393,47.0,292.0
2025-02-11 09:56:36,19.25,72.58,1025.14,3328,1392,47.0,292.0
2025-02-11 09:56:38,19.24,72.54,1025.16,3328,1441,47.0,292.0
2025-02-11 09:56:40,19.24,72.52,1025.17,3344,1392,47.0,292.0
2025-02-11 09:56:42,19.24,72.5,1025.19,3328,1361,47.0,292.0
2025-02-11 09:56:44,19.23,72.5,1025.16,3329,1456,47.0,292.0
2025-02-11 09:56:46,19.22,72.49,1025.15,3329,1425,47.0,292.0
2025-02-11 09:56:48,19.21,72.46,1025.14,3329,1360,47.0,292.0
2025-02-11 09:56:50,19.21,72.44,1025.16,3328,1425,47.0,292.0
2025-02-11 09:56:52,19.21,72.43,1025.14,3328,1841,47.0,292.0
2025-02-11 09:56:54,19.19,72.47,1025.17,3345,1920,47.0,292.0
2025-02-11 09:56:56,19.17,72.43,1025.17,3344,1920,47.0,292.0
2025-02-11 09:56:58,19.17,72.39,1025.16,3328,1921,47.0,292.0
2025-02-11 09:57:00,19.16,72.37,1025.16,3329,1904,47.0,292.0
2025-02-11 09:57:02,19.16,72.34,1025.17,3361,1200,47.0,292.0
2025-02-11 09:57:04,19.19,72.37,1025.17,3344,1121,47.0,292.0
2025-02-11 09:57:06,19.23,72.65,1025.15,3328,1232,47.0,292.0
2025-02-11 09:57:08,19.26,72.9,1025.15,3329,1233,47.0,292.0
2025-02-11 09:57:10,19.32,73.14,1025.15,3329,1280,47.0,292.0
2025-02-11 09:57:12,19.34,73.25,1025.16,3329,1313,47.0,292.0
2025-02-11 09:57:14,19.37,73.35,1025.15,3329,1473,47.0,291.0
2025-02-11 09:57:16,19.37,73.31,1025.19,3328,1345,47.0,292.0
2025-02-11 09:57:18,19.4,73.2,1025.15,3328,1265,47.0,292.0
2025-02-11 09:57:20,19.41,73.25,1025.18,3345,1216,47.0,292.0
2025-02-11 09:57:22,19.41,73.24,1025.14,3329,1200,47.0,292.0
2025-02-11 09:57:24,19.42,73.07,1025.17,3329,1265,47.0,292.0
2025-02-11 09:57:26,19.42,72.98,1025.15,3329,1472,47.0,292.0
2025-02-11 09:57:28,19.4,72.95,1025.16,3329,1456,47.0,291.0
2025-02-11 09:57:30,19.41,72.94,1025.19,3344,1344,47.0,292.0
2025-02-11 09:57:32,19.38,72.84,1025.17,3329,1457,47.0,292.0
2025-02-11 09:57:34,19.39,72.78,1025.18,3344,1473,47.0,292.0
2025-02-11 09:57:36,19.4,72.77,1025.17,3328,1457,47.0,292.0
2025-02-11 09:57:38,19.39,72.79,1025.18,3328,1409,47.0,292.0
2025-02-11 09:57:40,19.41,72.91,1025.18,3328,1313,47.0,292.0
2025-02-11 09:57:42,19.42,73.02,1025.18,3345,1377,47.0,291.0
2025-02-11 09:57:44,19.42,73.04,1025.18,3328,1329,47.0,292.0
2025-02-11 09:57:46,19.44,73.05,1025.19,3345,1104,47.0,292.0
2025-02-11 09:57:48,19.44,73.13,1025.18,3313,1664,47.0,291.0
2025-02-11 09:57:50,19.41,73.03,1025.21,3328,1936,47.0,292.0
2025-02-11 09:57:52,19.4,73.05,1025.2,3328,1921,47.0,292.0
2025-02-11 09:57:54,19.39,73.03,1025.2,3328,1904,47.0,292.0
2025-02-11 09:57:56,19.39,73.02,1025.21,3329,1889,47.0,292.0
2025-02-11 09:57:58,19.37,72.96,1025.19,3329,1888,47.0,292.0
2025-02-11 09:58:00,19.35,72.84,1025.19,3329,1921,47.0,292.0
2025-02-11 09:58:02,19.33,72.72,1025.19,3313,1920,47.0,291.0
2025-02-11 09:58:04,19.32,72.62,1025.22,3328,1905,47.0,292.0
2025-02-11 09:58:06,19.31,72.58,1025.21,3329,1792,47.0,292.0
2025-02-11 09:58:08,19.29,72.49,1025.19,3328,1873,47.0,292.0
2025-02-11 09:58:10,19.28,72.43,1025.17,3345,1537,47.0,292.0
2025-02-11 09:58:13,19.27,72.37,1025.18,3328,1889,47.0,292.0
2025-02-11 09:58:15,19.26,72.32,1025.17,3328,1873,47.0,291.0
2025-02-11 09:58:17,19.25,72.28,1025.15,3329,1872,47.0,292.0
2025-02-11 09:58:19,19.24,72.28,1025.16,3329,1889,47.0,291.0
2025-02-11 09:58:21,19.25,72.37,1025.15,3328,1905,47.0,291.0
2025-02-11 09:58:23,19.26,72.44,1025.17,3329,1905,47.0,291.0
2025-02-11 09:58:25,19.24,72.42,1025.19,3328,1889,47.0,292.0
2025-02-11 09:58:27,19.24,72.36,1025.17,3329,1889,47.0,292.0
2025-02-11 09:58:29,19.23,72.29,1025.17,3328,1872,47.0,292.0
2025-02-11 09:58:31,19.22,72.25,1025.15,3344,1872,47.0,291.0
2025-02-11 09:58:33,19.22,72.2,1025.19,3345,1889,47.0,291.0
2025-02-11 09:58:35,19.21,72.17,1025.17,3328,1872,47.0,292.0
2025-02-11 09:58:37,19.22,72.16,1025.19,3328,1568,47.0,292.0
2025-02-11 09:58:39,19.21,72.15,1025.17,3328,1872,47.0,291.0
2025-02-11 09:58:41,19.2,72.14,1025.17,3329,1904,47.0,292.0
2025-02-11 09:58:43,19.2,72.14,1025.15,3328,1905,47.0,292.0
2025-02-11 09:58:45,19.21,72.12,1025.15,3312,1888,47.0,292.0
2025-02-11 09:58:47,19.21,72.12,1025.16,3328,1809,47.0,292.0
2025-02-11 09:58:49,19.21,72.12,1025.16,3345,1472,47.0,292.0
2025-02-11 09:58:51,19.19,72.09,1025.16,3345,1857,47.0,292.0
2025-02-11 09:58:53,19.19,72.07,1025.17,3328,1856,47.0,292.0
2025-02-11 09:58:55,19.18,72.03,1025.19,3328,1376,47.0,292.0
2025-02-11 09:58:57,19.26,72.03,1025.18,3328,1393,47.0,292.0
2025-02-11 09:58:59,19.25,72.0,1025.17,3329,1425,47.0,292.0
2025-02-11 09:59:01,19.24,71.96,1025.2,3328,1425,47.0,292.0
2025-02-11 09:59:03,19.27,71.95,1025.15,3328,1441,47.0,292.0
2025-02-11 09:59:05,19.27,71.96,1025.19,3328,1441,47.0,292.0
2025-02-11 09:59:07,19.27,71.91,1025.18,3344,1408,47.0,291.0
2025-02-11 09:59:09,19.29,71.9,1025.19,3329,1456,47.0,292.0
2025-02-11 09:59:11,19.3,71.9,1025.16,3328,1409,47.0,291.0
2025-02-11 09:59:13,19.3,71.87,1025.17,3329,1441,47.0,292.0
2025-02-11 09:59:15,19.32,71.84,1025.17,3329,1473,47.0,292.0
2025-02-11 09:59:17,19.32,71.82,1025.19,3329,1456,47.0,292.0
2025-02-11 09:59:19,19.34,71.9,1025.19,3329,1473,47.0,292.0
2025-02-11 09:59:21,19.38,72.1,1025.18,3328,1392,47.0,292.0
2025-02-11 09:59:23,19.38,72.22,1025.18,3329,1360,47.0,292.0
2025-02-11 09:59:25,19.38,72.3,1025.2,3328,1393,47.0,292.0
2025-02-11 09:59:27,19.39,72.31,1025.21,3328,1424,47.0,292.0
2025-02-11 09:59:29,19.4,72.3,1025.21,3328,1456,47.0,292.0
2025-02-11 09:59:31,19.41,72.32,1025.21,3328,1472,47.0,292.0
2025-02-11 09:59:33,19.38,72.21,1025.17,3329,1424,47.0,292.0
2025-02-11 09:59:35,19.38,72.13,1025.2,3344,1408,47.0,292.0
2025-02-11 09:59:37,19.39,72.07,1025.16,3328,1409,47.0,292.0
2025-02-11 09:59:39,19.39,71.99,1025.19,3328,1440,47.0,292.0
2025-02-11 09:59:41,19.39,71.94,1025.19,3328,1489,47.0,292.0
2025-02-11 09:59:43,19.37,71.85,1025.18,3344,1488,47.0,292.0
2025-02-11 09:59:45,19.38,71.85,1025.2,3329,1489,47.0,292.0
2025-02-11 09:59:47,19.38,71.85,1025.22,3344,1520,47.0,292.0
2025-02-11 09:59:49,19.36,71.73,1025.21,3328,1473,47.0,292.0
2025-02-11 09:59:51,19.34,71.63,1025.2,3329,1473,47.0,292.0
2025-02-11 09:59:53,19.33,71.54,1025.18,3329,1472,47.0,292.0
2025-02-11 09:59:55,19.3,71.48,1025.18,3328,1472,47.0,294.0
2025-02-11 09:59:57,19.31,71.45,1025.17,3328,1488,47.0,291.0
2025-02-11 09:59:59,19.31,71.42,1025.18,3329,1440,47.0,291.0
2025-02-11 10:00:01,19.31,71.43,1025.2,3328,1249,47.0,292.0
2025-02-11 10:00:03,19.32,71.43,1025.16,3328,1201,47.0,291.0
2025-02-11 10:00:06,19.33,71.4,1025.21,3329,1185,47.0,292.0
2025-02-11 10:00:08,19.33,71.35,1025.17,3329,1169,47.0,292.0
2025-02-11 10:00:10,19.35,71.34,1025.17,3329,1121,47.0,291.0
2025-02-11 10:00:12,19.36,71.32,1025.19,3329,1185,47.0,292.0
2025-02-11 10:00:14,19.36,71.29,1025.21,3328,1201,47.0,292.0
2025-02-11 10:00:16,19.36,71.27,1025.19,3329,1265,47.0,292.0
2025-02-11 10:00:18,19.37,71.24,1025.18,3328,960,47.0,292.0
2025-02-11 10:00:20,19.37,71.21,1025.15,3329,1393,47.0,291.0
2025-02-11 10:00:22,19.36,71.13,1025.2,3344,896,47.0,292.0
2025-02-11 10:00:24,19.35,71.09,1025.15,3328,864,47.0,292.0
2025-02-11 10:00:26,19.35,71.06,1025.14,3313,1345,47.0,292.0
2025-02-11 10:00:28,19.35,71.01,1025.17,3328,1441,47.0,292.0
2025-02-11 10:00:30,19.35,70.95,1025.2,3328,1424,47.0,292.0
2025-02-11 10:00:32,19.36,70.94,1025.18,3344,1345,47.0,292.0
2025-02-11 10:00:34,19.37,70.93,1025.18,3329,1425,47.0,292.0
2025-02-11 10:00:36,19.38,70.92,1025.19,3329,1456,47.0,292.0
2025-02-11 10:00:38,19.39,70.91,1025.17,3345,1393,46.0,292.0
2025-02-11 10:00:40,19.38,70.86,1025.17,3328,1376,47.0,291.0
2025-02-11 10:00:42,19.38,70.81,1025.15,3344,1473,47.0,291.0
2025-02-11 10:00:44,19.35,70.74,1025.16,3328,1489,47.0,292.0
2025-02-11 10:00:46,19.33,70.66,1025.18,3344,1473,47.0,292.0
2025-02-11 10:00:48,19.32,70.58,1025.19,3329,1441,47.0,292.0
2025-02-11 10:00:50,19.32,70.55,1025.15,3329,1441,47.0,292.0
2025-02-11 10:00:52,19.32,70.52,1025.19,3329,1472,47.0,292.0
2025-02-11 10:00:54,19.3,70.49,1025.15,3328,1504,47.0,292.0
2025-02-11 10:00:56,19.29,70.44,1025.15,3329,1488,47.0,292.0
2025-02-11 10:00:58,19.26,70.41,1025.14,3329,1457,47.0,292.0
2025-02-11 10:01:00,19.23,70.36,1025.14,3328,1425,47.0,292.0
2025-02-11 10:01:02,19.23,70.3,1025.18,3328,1457,47.0,291.0
2025-02-11 10:01:04,19.22,70.28,1025.18,3329,1489,46.0,292.0
2025-02-11 10:01:06,19.18,70.22,1025.15,3328,1504,47.0,292.0
2025-02-11 10:01:08,19.16,70.18,1025.13,3328,1488,46.0,292.0
2025-02-11 10:01:10,19.14,70.14,1025.16,3329,1473,46.0,292.0
2025-02-11 10:01:12,19.12,70.12,1025.15,3360,1456,46.0,292.0
2025-02-11 10:01:14,19.13,70.1,1025.19,3328,1456,46.0,292.0
2025-02-11 10:01:16,19.12,70.06,1025.19,3360,1441,47.0,292.0
2025-02-11 10:01:18,19.1,70.03,1025.14,3328,1440,46.0,292.0
2025-02-11 10:01:20,19.09,70.0,1025.18,3329,1425,46.0,292.0
2025-02-11 10:01:22,19.09,69.97,1025.17,3329,1441,46.0,292.0
2025-02-11 10:01:24,19.1,70.22,1025.17,3328,1473,46.0,292.0
2025-02-11 10:01:26,19.11,70.51,1025.16,3329,1440,47.0,292.0
2025-02-11 10:01:28,19.12,70.53,1025.15,3345,1472,47.0,292.0
2025-02-11 10:01:30,19.15,70.69,1025.17,3329,1456,47.0,289.0
2025-02-11 10:01:32,19.16,70.93,1025.17,3328,1456,47.0,292.0
2025-02-11 10:01:34,19.16,70.9,1025.17,3329,1345,47.0,292.0
2025-02-11 10:01:36,19.17,70.8,1025.15,3296,897,47.0,292.0
2025-02-11 10:01:38,19.18,70.69,1025.16,3328,1425,47.0,292.0
2025-02-11 10:01:40,19.16,70.51,1025.15,3328,1425,47.0,291.0
2025-02-11 10:01:42,19.17,70.4,1025.2,3328,1441,47.0,292.0
2025-02-11 10:01:44,19.16,70.31,1025.2,3344,1472,47.0,292.0
2025-02-11 10:01:46,19.16,70.23,1025.21,3329,1488,47.0,292.0
2025-02-11 10:01:48,19.16,70.18,1025.21,3329,1488,47.0,292.0
2025-02-11 10:01:50,19.16,70.17,1025.2,3329,1441,47.0,292.0
2025-02-11 10:01:52,19.17,70.23,1025.19,3329,1424,47.0,292.0
2025-02-11 10:01:54,19.16,70.22,1025.19,3377,1424,47.0,292.0
2025-02-11 10:01:56,19.17,70.15,1025.18,3328,1457,47.0,292.0
2025-02-11 10:01:59,19.17,70.07,1025.17,3329,1473,47.0,292.0
2025-02-11 10:02:01,19.18,70.0,1025.21,3329,1457,47.0,292.0
2025-02-11 10:02:03,19.19,69.95,1025.2,3329,1441,47.0,292.0
2025-02-11 10:02:05,19.2,69.91,1025.2,3328,1424,47.0,292.0
2025-02-11 10:02:07,19.18,69.85,1025.19,3328,1456,47.0,292.0
2025-02-11 10:02:09,19.17,69.78,1025.2,3328,1489,47.0,292.0
2025-02-11 10:02:11,19.17,69.73,1025.21,3329,2048,47.0,292.0
2025-02-11 10:02:13,19.17,69.75,1025.2,3344,2033,47.0,292.0
2025-02-11 10:02:15,19.17,69.77,1025.16,3329,2033,47.0,291.0
2025-02-11 10:02:17,19.17,69.74,1025.16,3328,2048,47.0,292.0
2025-02-11 10:02:19,19.13,69.71,1025.18,3328,1968,47.0,292.0
2025-02-11 10:02:21,19.12,69.66,1025.17,3344,1761,47.0,292.0
2025-02-11 10:02:23,19.12,69.65,1025.17,3344,1729,47.0,292.0
2025-02-11 10:02:25,19.1,69.63,1025.18,3329,1761,47.0,292.0
2025-02-11 10:02:27,19.1,69.64,1025.17,3328,1761,47.0,292.0
2025-02-11 10:02:29,19.09,69.67,1025.16,3344,1729,47.0,291.0
2025-02-11 10:02:31,19.09,69.7,1025.19,3328,1825,47.0,292.0
2025-02-11 10:02:33,19.09,69.7,1025.18,3344,1888,47.0,292.0
2025-02-11 10:02:35,19.08,69.68,1025.2,3328,1505,46.0,291.0
2025-02-11 10:02:37,19.09,69.71,1025.15,3328,1313,47.0,291.0
2025-02-11 10:02:39,19.11,69.76,1025.15,3328,1265,47.0,292.0
2025-02-11 10:02:41,19.14,69.95,1025.19,3329,1232,47.0,292.0
2025-02-11 10:02:43,19.15,70.09,1025.17,3328,1232,47.0,292.0
2025-02-11 10:02:45,19.17,70.18,1025.18,3328,1280,47.0,292.0
2025-02-11 10:02:47,19.19,70.2,1025.18,3328,1232,47.0,292.0
2025-02-11 10:02:49,19.2,70.18,1025.16,3328,1248,47.0,292.0
2025-02-11 10:02:51,19.24,70.36,1025.16,3344,1264,47.0,292.0
2025-02-11 10:02:53,19.26,70.54,1025.14,3344,1249,47.0,292.0
2025-02-11 10:02:55,19.27,70.52,1025.2,3329,1232,47.0,292.0
2025-02-11 10:02:57,19.28,70.38,1025.16,3328,1216,47.0,292.0
2025-02-11 10:02:59,19.32,70.4,1025.18,3328,1120,47.0,292.0
2025-02-11 10:03:01,19.33,70.67,1025.2,3329,1360,47.0,292.0
2025-02-11 10:03:03,19.34,70.67,1025.2,3328,1217,47.0,292.0
2025-02-11 10:03:05,19.34,70.53,1025.2,3297,1553,47.0,292.0
2025-02-11 10:03:07,19.35,70.44,1025.19,3344,1184,47.0,292.0
2025-02-11 10:03:09,19.39,70.56,1025.2,3328,1248,47.0,292.0
2025-02-11 10:03:11,19.38,70.47,1025.16,3344,1248,47.0,292.0
2025-02-11 10:03:13,19.39,70.37,1025.21,3329,1249,47.0,292.0
2025-02-11 10:03:15,19.43,70.38,1025.22,3344,1264,47.0,292.0
2025-02-11 10:03:17,19.43,70.38,1025.2,3345,1297,47.0,292.0
2025-02-11 10:03:19,19.42,70.31,1025.19,3344,1249,47.0,292.0
2025-02-11 10:03:21,19.42,70.23,1025.17,3344,1232,47.0,292.0
2025-02-11 10:03:23,19.43,70.3,1025.2,3328,1104,47.0,292.0
2025-02-11 10:03:25,19.44,70.54,1025.19,3328,1089,47.0,292.0
2025-02-11 10:03:27,19.46,70.61,1025.2,3329,1073,47.0,292.0
2025-02-11 10:03:29,19.46,70.56,1025.22,3344,1120,47.0,292.0
2025-02-11 10:03:31,19.47,70.56,1025.22,3328,1473,47.0,292.0
2025-02-11 10:03:33,19.5,70.77,1025.14,3345,1393,47.0,292.0
2025-02-11 10:03:35,19.5,70.87,1025.19,3344,1377,47.0,292.0
2025-02-11 10:03:37,19.5,70.84,1025.18,3328,1425,47.0,292.0
2025-02-11 10:03:39,19.5,70.79,1025.14,3344,1441,47.0,292.0
2025-02-11 10:03:41,19.5,70.71,1025.2,3313,1392,47.0,292.0
2025-02-11 10:03:43,19.5,70.61,1025.18,3329,1361,47.0,292.0
2025-02-11 10:03:45,19.51,70.51,1025.17,3328,1344,47.0,292.0
2025-02-11 10:03:47,19.5,70.43,1025.18,3329,1377,47.0,292.0
2025-02-11 10:03:50,19.5,70.37,1025.15,3329,1344,47.0,292.0
2025-02-11 10:03:52,19.5,70.3,1025.17,3345,1328,47.0,291.0
2025-02-11 10:03:54,19.51,70.26,1025.17,3329,1329,47.0,292.0
2025-02-11 10:03:56,19.51,70.23,1025.15,3329,1297,47.0,292.0
2025-02-11 10:03:58,19.52,70.26,1025.16,3344,1280,47.0,292.0
2025-02-11 10:04:00,19.52,70.29,1025.16,3329,1296,47.0,292.0
2025-02-11 10:04:02,19.52,70.25,1025.15,3328,1312,47.0,292.0
2025-02-11 10:04:04,19.52,70.21,1025.13,3329,1329,47.0,292.0
2025-02-11 10:04:06,19.52,70.15,1025.14,3329,1344,47.0,292.0
2025-02-11 10:04:08,19.53,70.09,1025.14,3329,1344,47.0,292.0
2025-02-11 10:04:10,19.53,70.08,1025.14,3344,1329,47.0,292.0
2025-02-11 10:04:12,19.54,70.04,1025.16,3328,1312,47.0,292.0
2025-02-11 10:04:14,19.55,70.03,1025.12,3345,1296,47.0,292.0
2025-02-11 10:04:16,19.55,70.0,1025.18,3329,1280,47.0,292.0
2025-02-11 10:04:18,19.55,69.93,1025.16,3328,1281,47.0,292.0
2025-02-11 10:04:20,19.55,69.89,1025.17,3345,1264,47.0,292.0
2025-02-11 10:04:22,19.56,69.83,1025.12,3329,1265,47.0,292.0
2025-02-11 10:04:24,19.57,69.8,1025.18,3345,1313,47.0,292.0
2025-02-11 10:04:26,19.57,69.79,1025.18,3344,1408,47.0,292.0
2025-02-11 10:04:28,19.57,69.81,1025.18,3345,1232,47.0,292.0
2025-02-11 10:04:30,19.57,69.79,1025.18,3328,1552,47.0,292.0
2025-02-11 10:04:32,19.57,69.69,1025.14,3328,1281,47.0,292.0
2025-02-11 10:04:34,19.56,69.56,1025.16,3344,1360,47.0,292.0
2025-02-11 10:04:36,19.58,69.67,1025.17,3344,1345,47.0,292.0
2025-02-11 10:04:38,19.58,69.73,1025.15,3329,1265,47.0,292.0
2025-02-11 10:04:40,19.59,69.82,1025.15,3329,1424,47.0,292.0
2025-02-11 10:04:42,19.59,69.91,1025.15,3328,1489,47.0,292.0
2025-02-11 10:04:44,19.58,69.89,1025.14,3329,1489,47.0,292.0
2025-02-11 10:04:46,19.54,69.68,1025.17,3328,1521,47.0,292.0
2025-02-11 10:04:48,19.5,69.47,1025.14,3345,1553,47.0,292.0
2025-02-11 10:04:50,19.48,69.33,1025.14,3328,1536,47.0,292.0
2025-02-11 10:04:52,19.49,69.24,1025.14,3329,1521,47.0,292.0
2025-02-11 10:04:54,19.51,69.21,1025.14,3329,1504,47.0,292.0
2025-02-11 10:04:56,19.51,69.15,1025.16,3328,1488,47.0,292.0
2025-02-11 10:04:58,19.51,69.1,1025.14,3329,1488,47.0,292.0
2025-02-11 10:05:00,19.51,69.07,1025.13,3344,1488,47.0,292.0
2025-02-11 10:05:02,19.51,69.0,1025.14,3328,1520,46.0,292.0
2025-02-11 10:05:04,19.49,68.93,1025.12,3329,1553,47.0,292.0
2025-02-11 10:05:06,19.49,68.84,1025.14,3329,1505,46.0,291.0
2025-02-11 10:05:08,19.49,68.79,1025.11,3328,1489,46.0,292.0
2025-02-11 10:05:10,19.5,68.76,1025.12,3329,1505,47.0,292.0
2025-02-11 10:05:12,19.5,68.73,1025.17,3328,1489,47.0,292.0
2025-02-11 10:05:14,19.49,68.68,1025.16,3345,1520,46.0,292.0
2025-02-11 10:05:16,19.46,68.6,1025.15,3345,1489,46.0,292.0
2025-02-11 10:05:18,19.5,68.57,1025.13,3328,1552,46.0,292.0
2025-02-11 10:05:20,19.51,68.55,1025.2,3344,1536,47.0,292.0
2025-02-11 10:05:22,19.51,68.52,1025.14,3328,1441,46.0,292.0
2025-02-11 10:05:24,19.51,68.52,1025.18,3328,1425,47.0,292.0
2025-02-11 10:05:26,19.5,68.46,1025.16,3329,1425,47.0,292.0
2025-02-11 10:05:28,19.49,68.43,1025.15,3313,1393,47.0,292.0
2025-02-11 10:05:30,19.46,68.38,1025.17,3344,1457,47.0,292.0
2025-02-11 10:05:32,19.43,68.32,1025.17,3344,1521,46.0,292.0
2025-02-11 10:05:34,19.41,68.26,1025.16,3329,1489,47.0,292.0
2025-02-11 10:05:36,19.39,68.3,1025.18,3345,1457,47.0,292.0
2025-02-11 10:05:38,19.39,68.3,1025.16,3328,1456,47.0,292.0
2025-02-11 10:05:40,19.39,68.29,1025.21,3328,1360,47.0,292.0
2025-02-11 10:05:43,19.41,68.3,1025.19,3328,1408,47.0,292.0
2025-02-11 10:05:45,19.41,68.3,1025.16,3328,1409,47.0,292.0
2025-02-11 10:05:47,19.44,68.46,1025.17,3344,1360,47.0,292.0
2025-02-11 10:05:49,19.45,68.65,1025.16,3344,1377,47.0,292.0
2025-02-11 10:05:51,19.47,68.77,1025.21,3328,1377,47.0,292.0
2025-02-11 10:05:53,19.47,68.79,1025.21,3344,1409,47.0,292.0
2025-02-11 10:05:55,19.48,68.71,1025.16,3329,1344,47.0,292.0
2025-02-11 10:05:57,19.49,68.65,1025.11,3329,1312,47.0,292.0
2025-02-11 10:05:59,19.5,68.58,1025.13,3328,1328,47.0,292.0
2025-02-11 10:06:01,19.51,68.7,1025.12,3344,1377,47.0,292.0
2025-02-11 10:06:03,19.52,68.85,1025.13,3328,1424,47.0,292.0
2025-02-11 10:06:05,19.53,68.82,1025.14,3328,1377,47.0,292.0
2025-02-11 10:06:07,19.54,68.97,1025.15,3345,1377,47.0,292.0
2025-02-11 10:06:09,19.54,69.03,1025.13,3328,1409,47.0,292.0
2025-02-11 10:06:11,19.55,69.04,1025.15,3344,1472,47.0,292.0
2025-02-11 10:06:13,19.56,69.0,1025.15,3328,1393,47.0,292.0
2025-02-11 10:06:15,19.56,68.98,1025.13,3328,1392,47.0,292.0
2025-02-11 10:06:17,19.57,68.99,1025.13,3329,1441,47.0,292.0
2025-02-11 10:06:19,19.57,68.96,1025.11,3344,1440,47.0,292.0
2025-02-11 10:06:21,19.57,68.89,1025.09,3344,1392,47.0,292.0
2025-02-11 10:06:23,19.58,68.84,1025.15,3328,1376,47.0,292.0
2025-02-11 10:06:25,19.58,68.81,1025.11,3329,1409,47.0,292.0
2025-02-11 10:06:27,19.59,68.8,1025.13,3345,1360,47.0,292.0
2025-02-11 10:06:29,19.59,68.77,1025.12,3345,1457,47.0,292.0
2025-02-11 10:06:31,19.59,68.7,1025.12,3329,1425,47.0,292.0
2025-02-11 10:06:33,19.57,68.55,1025.12,3328,1408,47.0,292.0
2025-02-11 10:06:35,19.57,68.51,1025.14,3345,1441,47.0,292.0
2025-02-11 10:06:37,19.57,68.49,1025.12,3345,1440,47.0,292.0
2025-02-11 10:30:10,19.38,65.18,1025.09,3345,1904,47.0,292.0
2025-02-11 10:30:12,19.39,65.16,1025.06,3312,1921,47.0,292.0
2025-02-11 10:30:14,19.4,65.24,1025.1,3329,1888,47.0,291.0
2025-02-11 10:30:16,19.4,65.25,1025.09,3329,1873,47.0,292.0
2025-02-11 10:30:18,19.41,65.28,1025.08,3329,1825,47.0,292.0
2025-02-11 10:30:20,19.41,65.27,1025.08,3329,1841,47.0,292.0
2025-02-11 10:30:22,19.42,65.24,1025.02,3329,1889,47.0,292.0
2025-02-11 10:30:24,19.42,65.25,1025.09,3345,1889,47.0,292.0
2025-02-11 10:30:26,19.42,65.22,1025.09,3328,2320,47.0,292.0
2025-02-11 10:30:28,19.42,65.2,1025.06,3329,2640,47.0,291.0
2025-02-11 10:30:30,19.4,65.16,1025.05,3344,2672,47.0,292.0
2025-02-11 10:30:32,19.4,65.1,1025.06,3329,2656,47.0,291.0
2025-02-11 10:30:34,19.4,65.06,1025.04,3313,2656,47.0,291.0
2025-02-11 10:30:36,19.39,65.04,1025.08,3329,2656,47.0,291.0
2025-02-11 10:30:38,19.39,65.02,1025.05,3329,2641,47.0,291.0
2025-02-11 10:30:40,19.39,65.01,1025.06,3329,2657,47.0,291.0
2025-02-11 10:30:42,19.42,65.03,1025.04,3328,2608,47.0,291.0
2025-02-11 10:30:44,19.42,65.03,1025.05,3329,2657,47.0,291.0
2025-02-11 10:30:46,19.42,65.04,1025.05,3329,2656,47.0,292.0
2025-02-11 10:30:48,19.43,65.17,1025.06,3329,2641,47.0,291.0
2025-02-11 10:30:50,19.42,65.28,1025.1,3329,2657,47.0,291.0
2025-02-11 10:30:52,19.41,65.2,1025.04,3329,2641,47.0,292.0
2025-02-11 10:30:54,19.41,65.14,1025.08,3329,2672,47.0,291.0
