Year,Month,Food at home sales million nominal U.S. dollars with taxes and tips,Food away from home sales million nominal U.S. dollars with taxes and tips,Total food sales million nominal U.S. dollars with taxes and tips,Food at home sales million constant 1988 U.S. dollars with taxes and tips,Food away from home sales million constant 1988 U.S. dollars with taxes and tips,Total food sales million constant 1988 U.S. dollars with taxes and tips_x,Grocery stores sales million nominal U.S. dollars with taxes and tips,Warehouse clubs and supercenters sales million nominal U.S. dollars with taxes and tips,Other food at home sales million nominal U.S. dollars with taxes and tips,Total food at home sales million nominal U.S. dollars with taxes and tips,Full-service restaurants sales million nominal U.S. dollars with taxes and tips,Limited-service restaurants sales million nominal U.S. dollars with taxes and tips,Other food away from home sales million nominal U.S. dollars with taxes and tips,Total food away from home sales million nominal U.S. dollars with taxes and tips,Total nominal U.S. dollars food sales with taxes and tips,Grocery stores sales million constant 1988 U.S. dollars with taxes and tips,Warehouse clubs and supercenters sales million constant 1988 U.S. dollars with taxes and tips,Other food at home sales million constant 1988 U.S. dollars with taxes and tips,Total food at home sales million constant 1988 U.S. dollars with taxes and tips,Full-service restaurants sales million constant 1988 U.S. dollars with taxes and tips,Limited-service restaurants sales million constant 1988 U.S. dollars with taxes and tips,Other food away from home sales million constant 1988 U.S. dollars with taxes and tips,Total food away from home sales million constant 1988 U.S. dollars with taxes and tips,Total food sales million constant 1988 U.S. dollars with taxes and tips_y,Date
2024,November,95656.09,114435.81,210091.91,36217.51,37323.76,73541.27,,,,,,,,,,,,,,,,,,,2024-11-01
2024,October,93264.84,117611.72,210876.56,35286.0,38467.11,73753.11,,,,,,,,,,,,,,,,,,,2024-10-01
2024,September,88347.26,113183.13,201530.38,33472.5,37106.51,70579.02,,,,,,,,,,,,,,,,,,,2024-09-01
2024,August,93574.33,120947.75,214522.08,35610.85,39786.59,75397.44,,,,,,,,,,,,,,,,,,,2024-08-01
2024,July,92725.62,118376.29,211101.91,35260.13,39042.41,74302.53,,,,,,,,,,,,,,,,,,,2024-07-01
2024,June,90313.85,118106.38,208420.22,34443.1,39034.44,73477.53,,,,,,,,,,,,,,,,,,,2024-06-01
2024,May,93815.94,121491.02,215306.95,35787.24,40319.0,76106.24,,,,,,,,,,,,,,,,,,,2024-05-01
2024,April,86855.28,114246.93,201102.22,33128.98,38048.21,71177.19,,,,,,,,,,,,,,,,,,,2024-04-01
2024,March,91166.2,118069.45,209235.66,34805.28,39457.9,74263.19,,,,,,,,,,,,,,,,,,,2024-03-01
2024,February,83675.7,107877.49,191553.19,31941.07,36146.02,68087.09,,,,,,,,,,,,,,,,,,,2024-02-01
2024,January,86140.25,103589.03,189729.28,32928.42,34742.27,67670.69,,,,,,,,,,,,,,,,,,,2024-01-01
2023,December,99928.52,116537.31,216465.83,38455.36,39267.09,77722.45,51628.4,25028.96,23271.16,99928.52,47406.62,44485.76,24644.93,116537.31,216465.83,19867.56,9632.17,8955.63,38455.36,15974.15,14989.14,8303.8,39267.09,77722.45,2023-12-01
2023,November,92102.15,107247.69,199349.84,35417.95,36255.38,71673.33,49031.77,21150.1,21920.28,92102.15,41488.79,41899.89,23859.01,107247.69,199349.84,18854.7,8133.55,8429.7,35417.95,14025.89,14164.12,8065.38,36255.39,71673.34,2023-11-01
2023,October,89396.82,111500.33,200897.16,34201.21,37856.77,72057.98,47988.36,20387.58,21020.88,89396.82,43013.04,44108.9,24378.39,111500.33,200897.16,18358.77,7800.08,8042.36,34201.21,14604.36,14975.65,8276.76,37856.77,72057.98,2023-10-01
2023,September,87172.37,110354.03,197526.41,33444.88,37607.6,71052.48,47388.03,19592.93,20191.41,87172.37,42467.24,43547.86,24338.93,110354.03,197526.41,18180.59,7517.34,7746.95,33444.88,14472.93,14840.42,8294.25,37607.6,71052.48,2023-09-01
2023,August,90775.52,113539.74,204315.27,34851.25,38845.93,73697.17,48744.54,21026.62,21004.37,90775.52,43636.95,45221.39,24681.41,113539.74,204315.27,18713.88,8072.96,8064.4,34851.25,14930.25,15471.54,8444.14,38845.93,73697.17,2023-08-01
2023,July,89600.3,114571.88,204172.19,34429.64,39333.93,73763.58,48813.97,20421.07,20365.27,89600.3,44302.26,46096.48,24173.14,114571.88,204172.19,18756.66,7847.21,7825.77,34429.64,15210.04,15825.2,8298.7,39333.94,73763.58,2023-07-01
2023,June,88124.33,113449.48,201573.81,33987.92,39016.45,73004.37,47605.15,20176.49,20342.69,88124.33,43797.39,45262.91,24389.19,113449.48,201573.81,18359.94,7781.95,7846.04,33987.92,15062.89,15566.1,8387.46,39016.45,73004.38,2023-06-01
2023,May,90478.08,114286.88,204764.95,34872.65,39455.13,74327.78,49074.65,20559.77,20843.66,90478.08,44086.08,45488.59,24712.2,114286.88,204764.95,18914.17,7924.54,8033.95,34872.65,15220.31,15703.69,8531.13,39455.13,74327.78,2023-05-01
2023,April,86381.06,108851.66,195232.72,33316.35,37755.8,71072.16,47032.06,19801.32,19547.69,86381.06,41432.73,43568.09,23850.84,108851.66,195232.72,18139.33,7637.42,7539.6,33316.35,14371.67,15111.56,8272.58,37755.8,71072.16,2023-04-01
2023,March,87007.13,111494.99,198502.13,33603.39,38815.55,72418.94,47929.82,19002.95,20074.37,87007.13,43410.64,44129.13,23955.22,111494.99,198502.13,18510.68,7339.44,7753.27,33603.39,15113.38,15362.71,8339.47,38815.55,72418.94,2023-03-01
2023,February,79632.28,98558.15,178190.44,30697.67,34516.41,65214.09,43862.33,17723.52,18046.43,79632.28,38553.87,38115.3,21888.98,98558.15,178190.44,16908.16,6832.51,6957.0,30697.67,13502.56,13348.26,7665.6,34516.42,65214.09,2023-02-01
2023,January,84500.28,100769.74,185270.03,32687.5,35514.73,68202.23,47222.64,18447.13,18830.52,84500.28,39739.63,39078.74,21951.38,100769.74,185270.03,18266.79,7136.19,7284.52,32687.5,14006.1,13772.44,7736.19,35514.73,68202.23,2023-01-01
2022,December,99145.64,105474.91,204620.55,38678.04,37409.11,76087.15,51541.02,24811.11,22793.51,99145.64,42056.53,39994.66,23423.71,105474.91,204620.55,20098.4,9686.28,8893.35,38678.04,14917.19,14182.81,8309.12,37409.12,76087.16,2022-12-01
2022,November,92002.51,98143.88,190146.38,35988.27,34940.49,70928.77,48674.98,21745.63,21581.9,92002.51,37285.16,38237.89,22620.83,98143.88,190146.38,19032.01,8512.42,8443.83,35988.27,13274.78,13611.05,8054.66,34940.49,70928.77,2022-11-01
2022,October,89017.04,104701.08,193718.13,34806.8,37464.74,72271.55,48054.84,20348.12,20614.08,89017.04,40503.5,40966.72,23230.86,104701.08,193718.13,18782.17,7962.24,8062.39,34806.8,14494.04,14656.65,8314.05,37464.74,72271.55,2022-10-01
2022,September,85113.6,101175.04,186288.64,33463.3,36542.46,70005.76,46398.61,19036.79,19678.19,85113.6,39008.82,39548.24,22617.97,101175.03,186288.63,18234.44,7490.03,7738.83,33463.3,14090.05,14281.82,8170.58,36542.46,70005.76,2022-09-01
2022,August,88245.3,104805.67,193050.97,34902.02,38211.34,73113.36,47423.64,20085.37,20736.3,88245.3,40289.66,41757.86,22758.16,104805.67,193050.97,18748.71,7949.85,8203.46,34902.02,14690.16,15222.21,8298.98,38211.34,73113.36,2022-08-01
2022,July,88896.27,105655.08,194551.34,35403.7,38854.68,74258.39,48060.38,20028.61,20807.28,88896.27,40298.7,42392.69,22963.69,105655.08,194551.34,19132.42,7982.45,8288.83,35403.7,14820.72,15587.48,8446.48,38854.69,74258.39,2022-07-01
2022,June,87669.95,103862.52,191532.47,35409.39,38463.51,73872.91,46881.71,19816.3,20971.94,87669.95,39360.72,41218.3,23283.5,103862.52,191532.47,18927.31,8009.59,8472.49,35409.39,14577.35,15262.02,8624.14,38463.52,73872.91,2022-06-01
2022,May,87698.59,105795.77,193494.36,35784.02,39549.79,75333.81,47109.42,19360.86,21228.31,87698.59,41103.55,41431.34,23260.88,105795.77,193494.34,19214.18,7905.72,8664.12,35784.02,15366.7,15485.91,8697.18,39549.79,75333.81,2022-05-01
2022,April,83614.06,101353.27,184967.34,34575.91,38169.27,72745.18,45050.38,18558.23,20005.45,83614.06,39681.32,39490.43,22181.52,101353.27,184967.34,18621.32,7679.82,8274.77,34575.91,14944.72,14869.62,8354.94,38169.28,72745.19,2022-04-01
2022,March,84560.6,99254.84,183815.44,35412.73,37596.29,73009.03,45329.3,19464.56,19766.74,84560.6,38732.33,38963.72,21558.78,99254.84,183815.44,18975.28,8157.48,8279.97,35412.73,14672.1,14756.58,8167.61,37596.3,73009.03,2022-03-01
2022,February,74657.76,85803.3,160461.06,31726.07,32582.98,64309.05,41238.91,16196.24,17222.61,74657.76,33466.21,33360.46,18976.62,85803.3,160461.06,17517.26,6887.72,7321.09,31726.07,12709.22,12666.33,7207.43,32582.99,64309.06,2022-02-01
2022,January,80653.91,83571.13,164225.03,34762.48,31875.3,66637.79,45207.49,17898.54,17547.88,80653.91,31322.49,33597.05,18651.58,83571.13,164225.03,19476.61,7720.1,7565.77,34762.48,11947.58,12812.42,7115.31,31875.31,66637.79,2022-01-01
2021,December,91905.23,93937.6,185842.84,40082.89,36091.12,76174.0,47950.48,22388.77,21565.99,91905.23,36675.64,36104.12,21157.84,93937.59,185842.83,20905.85,9767.7,9409.33,40082.89,14097.27,13860.87,8132.97,36091.12,76174.0,2021-12-01
2021,November,84605.19,88694.48,173299.66,37061.29,34280.95,71342.23,44845.72,19951.54,19807.92,84605.19,33605.09,34490.64,20598.74,88694.47,173299.66,19638.16,8742.66,8680.47,37061.29,12994.45,13320.8,7965.69,34280.95,71342.23,2021-11-01
2021,October,82538.63,93755.59,176294.22,36279.43,36455.38,72734.81,45141.34,18860.71,18536.58,82538.63,36389.04,36190.33,21176.21,93755.59,176294.22,19835.07,8292.87,8151.49,36279.43,14155.71,14061.44,8238.23,36455.38,72734.81,2021-10-01
2021,September,77963.79,89692.89,167656.69,34631.62,35166.79,69798.41,43415.01,17100.66,17448.12,77963.79,34359.95,34779.07,20553.87,89692.88,167656.67,19278.62,7598.65,7754.35,34631.62,13477.95,13625.91,8062.92,35166.78,69798.41,2021-09-01
2021,August,80682.88,93558.08,174240.97,36235.32,36879.09,73114.42,44251.68,18532.24,17898.95,80682.87,36188.97,36770.37,20598.73,93558.07,174240.94,19867.2,8325.73,8042.39,36235.32,14271.57,14483.38,8124.15,36879.09,73114.41,2021-08-01
2021,July,80514.59,96014.84,176529.42,36271.85,38008.84,74280.69,44612.14,18239.56,17662.88,80514.59,38093.55,38003.89,19917.39,96014.83,176529.41,20091.13,8219.64,7961.07,36271.85,15086.7,15033.06,7889.08,38008.84,74280.69,2021-07-01
2021,June,78684.92,91389.16,170074.09,35669.29,36460.49,72129.78,43088.7,17766.57,17829.65,78684.92,35869.82,36393.61,19125.73,91389.16,170074.08,19526.42,8056.57,8086.3,35669.29,14317.05,14508.61,7634.82,36460.48,72129.77,2021-06-01
2021,May,80074.32,90803.3,170877.63,36568.48,36483.76,73052.23,44096.89,18231.94,17745.49,80074.32,35736.45,36501.1,18565.74,90803.29,170877.61,20131.57,8328.94,8107.96,36568.48,14365.01,14654.7,7464.05,36483.76,73052.23,2021-05-01
2021,April,76150.92,84285.16,160436.09,34879.93,34051.33,68931.27,41284.28,17329.37,17537.27,76150.92,31629.91,35378.27,17276.98,84285.16,160436.08,18903.46,7940.12,8036.36,34879.93,12784.32,14282.11,6984.9,34051.32,68931.26,2021-04-01
2021,March,78380.17,81722.2,160102.38,36117.78,33117.05,69234.83,42040.77,18802.71,17536.7,78380.17,30047.31,34948.3,16726.57,81722.19,160102.36,19366.08,8667.2,8084.5,36117.78,12181.87,14151.76,6783.41,33117.04,69234.82,2021-03-01
2021,February,67539.78,64905.6,132445.38,31185.93,26333.55,57519.48,38435.4,14551.41,14552.97,67539.78,22728.75,27633.39,14543.46,64905.6,132445.38,17741.35,6721.21,6723.37,31185.93,9225.7,11203.0,5904.85,26333.55,57519.47,2021-02-01
2021,January,73674.02,67843.37,141517.39,34100.54,27539.94,61640.47,42251.33,16272.02,15150.68,73674.02,22626.22,30476.12,14741.01,67843.36,141517.38,19549.85,7534.11,7016.58,34100.54,9188.91,12361.98,5989.04,27539.94,61640.47,2021-01-01
2020,December,81375.17,69075.59,150450.77,37770.16,28110.44,65880.6,43523.36,20162.04,17689.78,81375.17,21911.8,30536.64,16627.15,69075.59,150450.77,20200.06,9296.9,8273.19,37770.16,8914.75,12430.78,6764.91,28110.44,65880.6,2020-12-01
2020,November,75228.64,67697.91,142926.56,35035.23,27652.88,62688.11,41555.76,17976.42,15696.46,75228.64,22342.67,29070.47,16284.77,67697.91,142926.55,19352.02,8361.82,7321.39,35035.23,9124.06,11878.21,6650.61,27652.88,62688.11,2020-11-01
2020,October,74573.17,75178.05,149751.22,34519.05,30745.44,65264.5,41501.35,17059.7,16012.12,74573.17,25885.22,31939.03,17353.81,75178.05,149751.22,19209.32,7903.31,7406.42,34519.05,10583.5,13066.08,7095.86,30745.44,65264.49,2020-10-01
2020,September,71205.23,71986.12,143191.34,33034.55,29520.61,62555.16,40157.03,15727.65,15320.55,71205.23,24502.23,30674.52,16809.38,71986.13,143191.34,18629.08,7293.39,7112.08,33034.54,10045.47,12583.12,6892.03,29520.61,62555.16,2020-09-01
2020,August,74259.73,74060.9,148320.63,34317.43,30540.35,64857.78,41648.73,17042.64,15568.36,74259.73,25259.04,32027.52,16774.34,74060.9,148320.63,19245.83,7862.72,7208.88,34317.43,10413.33,13211.2,6915.82,30540.35,64857.78,2020-08-01
2020,July,75781.51,71869.09,147650.59,34991.43,29720.82,64712.25,43255.45,16702.55,15823.51,75781.51,23506.37,32228.16,16134.56,71869.09,147650.59,19971.59,7709.77,7310.07,34991.43,9718.34,13331.78,6670.7,29720.82,64712.25,2020-07-01
2020,June,72909.72,67401.96,140311.69,33338.18,28004.66,61342.84,41396.67,16287.94,15225.09,72909.7,21947.48,30671.43,14783.05,67401.96,140311.66,18927.59,7448.39,6962.19,33338.17,9116.55,12747.53,6140.59,28004.66,61342.84,2020-06-01
2020,May,76341.51,56462.11,132803.63,35074.47,23580.72,58655.2,44432.43,16956.31,14952.77,76341.51,15035.61,28180.47,13246.03,56462.11,132803.63,20412.86,7798.8,6862.81,35074.47,6277.82,11772.87,5530.03,23580.72,58655.2,2020-05-01
2020,April,70762.89,41459.1,112221.98,32783.95,17378.64,50162.59,42044.05,15352.08,13366.77,70762.9,8819.56,21206.61,11432.94,41459.11,112222.0,19477.51,7150.25,6156.18,32783.95,3695.99,8892.04,4790.62,17378.65,50162.59,2020-04-01
2020,March,81128.83,63041.38,144170.22,38591.22,26463.93,65055.16,48273.96,17736.13,15118.75,81128.84,20722.21,25804.75,16514.43,63041.38,144170.22,22961.47,8481.36,7148.4,38591.22,8696.66,10835.83,6931.44,26463.93,65055.16,2020-03-01
2020,February,64407.57,79336.55,143744.13,30776.5,33354.41,64130.91,36046.9,14528.31,13832.36,64407.57,31908.59,28971.69,18456.26,79336.55,143744.13,17223.59,6938.34,6614.57,30776.5,13411.45,12183.94,7759.02,33354.41,64130.91,2020-02-01
2020,January,66694.53,78630.0,145324.53,31993.04,33131.0,65124.04,38000.73,14479.46,14214.35,66694.53,30865.01,29032.4,18732.59,78630.0,145324.53,18227.65,6953.32,6812.07,31993.04,13001.71,12236.67,7892.62,33131.0,65124.04,2020-01-01
2019,December,76391.16,80137.73,156528.91,36844.08,33887.36,70731.45,40014.42,19839.37,16537.38,76391.16,31535.13,29799.51,18803.09,80137.73,156528.91,19299.18,9474.34,8070.56,36844.08,13334.61,12601.04,7951.71,33887.36,70731.45,2019-12-01
2019,November,71434.13,76664.18,148098.31,34456.68,32511.4,66968.09,38875.25,17611.02,14947.86,71434.13,28963.89,29133.09,18567.2,76664.19,148098.31,18751.62,8473.76,7231.3,34456.68,12282.45,12354.54,7874.42,32511.41,66968.09,2019-11-01
2019,October,69042.18,79382.4,148424.58,33218.54,33718.61,66937.14,38130.73,15951.77,14959.68,69042.18,29542.63,30482.21,19357.55,79382.4,148424.58,18345.9,7689.92,7182.72,33218.54,12548.15,12947.57,8222.89,33718.61,66937.14,2019-10-01
2019,September,65714.18,77048.77,142762.95,31721.64,32789.67,64511.32,36722.16,14853.19,14138.83,65714.18,28595.39,29460.71,18992.67,77048.77,142762.95,17726.49,7189.14,6806.02,31721.64,12168.93,12537.51,8083.23,32789.67,64511.32,2019-09-01
2019,August,70955.2,83493.91,154449.13,34306.99,35624.51,69931.5,39272.7,16747.24,14935.26,70955.2,31534.64,32108.06,19851.22,83493.91,154449.13,18988.34,8088.69,7229.97,34306.99,13454.48,13699.5,8470.53,35624.51,69931.5,2019-08-01
2019,July,69756.05,82140.03,151896.08,33698.41,35122.63,68821.03,38946.62,15950.71,14858.72,69756.05,30866.88,31920.85,19352.3,82140.03,151896.08,18814.61,7714.24,7169.56,33698.41,13198.05,13649.08,8275.5,35122.63,68821.03,2019-07-01
2019,June,68334.13,81858.13,150192.27,33004.93,35072.88,68077.81,37881.62,15997.83,14454.68,68334.13,31071.7,31429.43,19357.0,81858.13,150192.27,18296.48,7739.52,6968.93,33004.93,13312.5,13466.13,8294.25,35072.88,68077.81,2019-06-01
2019,May,70657.63,83091.39,153749.02,34023.16,35717.1,69740.25,39158.64,16359.95,15139.03,70657.63,31825.73,31712.28,19553.38,83091.39,153749.02,18855.63,7881.53,7285.99,34023.16,13679.92,13631.52,8405.66,35717.1,69740.25,2019-05-01
2019,April,66523.76,77884.12,144407.88,32067.96,33549.3,65617.27,36878.9,15330.96,14313.9,66523.76,29218.97,30084.39,18580.75,77884.12,144407.88,17777.49,7400.17,6890.31,32067.96,12585.9,12959.03,8004.37,33549.3,65617.27,2019-04-01
2019,March,67861.91,80589.18,148451.09,32621.73,34826.71,67448.45,37747.98,15979.27,14134.67,67861.91,30916.53,31129.29,18543.36,80589.18,148451.09,18145.64,7695.42,6780.66,32621.73,13360.15,13452.46,8014.1,34826.71,67448.45,2019-03-01
2019,February,60374.37,69948.96,130323.33,29082.12,30283.75,59365.87,33900.82,13738.68,12734.87,60374.37,27136.97,26196.79,16615.2,69948.96,130323.33,16329.82,6630.32,6121.97,29082.12,11748.29,11341.57,7193.89,30283.75,59365.87,2019-02-01
2019,January,65672.92,70216.17,135889.09,31723.0,30507.1,62230.11,37975.39,14248.51,13449.02,65672.92,27117.27,26468.45,16630.46,70216.17,135889.09,18343.75,6911.58,6467.67,31723.0,11781.34,11499.76,7226.0,30507.1,62230.11,2019-01-01
2018,December,74483.48,77278.09,151761.56,36188.38,33690.6,69878.98,39077.1,19802.43,15603.94,74483.48,30280.44,28710.08,18287.56,77278.09,151761.56,18985.86,9498.63,7703.89,36188.38,13200.51,12517.31,7972.79,33690.6,69878.98,2018-12-01
2018,November,69216.0,72488.95,141704.95,33718.63,31729.09,65447.73,37312.88,17245.39,14657.73,69216.0,26805.14,27859.79,17824.01,72488.95,141704.95,18176.95,8370.73,7170.96,33718.63,11732.21,12195.17,7801.71,31729.09,65447.73,2018-11-01
2018,October,66839.21,75319.71,142158.92,32488.84,33062.35,65551.19,36837.49,15561.26,14440.46,66839.21,27817.27,29018.58,18483.86,75319.71,142158.92,17905.71,7582.04,7001.09,32488.84,12210.0,12738.71,8113.64,33062.35,65551.19,2018-10-01
2018,September,64531.78,73341.89,137873.67,31335.51,32223.77,63559.29,36047.04,14847.71,13637.03,64531.78,27226.56,27950.28,18165.05,73341.89,137873.67,17503.77,7232.17,6599.58,31335.51,11961.71,12281.03,7981.04,32223.77,63559.29,2018-09-01
2018,August,67890.12,79199.89,147090.0,32981.38,34874.29,67855.67,37393.04,16152.06,14345.02,67890.12,29892.24,30296.18,19011.47,79199.89,147090.0,18165.68,7835.31,6980.38,32981.38,13161.8,13341.14,8371.35,34874.29,67855.67,2018-08-01
2018,July,66790.4,78526.99,145317.39,32473.5,34643.48,67116.98,37186.01,15554.86,14049.53,66790.4,29610.81,30235.13,18681.04,78526.99,145317.39,18079.79,7579.43,6814.29,32473.5,13062.58,13339.47,8241.43,34643.48,67116.98,2018-07-01
2018,June,66461.81,78490.36,144952.17,32403.19,34667.12,67070.31,36736.42,15714.61,14010.78,66461.81,29968.54,29762.03,18759.79,78490.36,144952.17,17910.65,7680.05,6812.5,32403.19,13235.58,13145.84,8285.71,34667.12,67070.31,2018-06-01
2018,May,68179.04,78598.73,146777.78,33222.5,34778.16,68000.66,37961.83,15680.67,14536.54,68179.04,30100.47,29614.87,18883.4,78598.73,146777.78,18498.11,7643.84,7080.56,33222.5,13318.04,13104.64,8355.48,34778.16,68000.66,2018-05-01
2018,April,62928.73,73495.2,136423.92,30556.59,32628.29,63184.88,35076.05,14425.93,13426.74,62928.73,28092.81,27502.24,17900.14,73495.2,136423.92,17031.99,7019.77,6504.83,30556.59,12471.15,12210.34,7946.8,32628.29,63184.88,2018-04-01
2018,March,67607.81,76631.04,144238.84,32961.92,34102.48,67064.41,37592.39,15926.8,14088.62,67607.81,29830.22,28688.28,18112.54,76631.04,144238.84,18327.97,7777.07,6856.89,32961.92,13274.36,12767.62,8060.5,34102.48,67064.41,2018-03-01
2018,February,59646.94,66663.05,126309.98,29076.74,29698.84,58775.58,33342.5,13800.6,12503.83,59646.94,25829.63,24475.02,16358.4,66663.05,126309.98,16253.78,6753.25,6069.7,29076.74,11506.64,10904.4,7287.81,29698.84,58775.58,2018-02-01
2018,January,62937.86,66709.29,129647.14,30599.38,29791.68,60391.05,35950.85,13820.07,13166.94,62937.86,25684.65,24772.62,16252.02,66709.3,129647.16,17478.67,6752.62,6368.09,30599.38,11469.86,11063.81,7258.0,29791.68,60391.05,2018-01-01
2017,December,74097.4,74582.37,148679.77,36214.76,33422.22,69636.98,39070.31,19670.53,15356.57,74097.41,30004.21,26703.98,17874.17,74582.37,148679.78,19095.2,9515.37,7604.2,36214.77,13445.53,11966.43,8010.26,33422.22,69636.98,2017-12-01
2017,November,66767.44,68112.59,134880.03,32656.37,30597.14,63253.51,36516.84,16544.47,13706.14,66767.45,25798.5,25236.79,17077.3,68112.59,134880.03,17860.39,8049.92,6746.06,32656.37,11588.95,11336.45,7671.73,30597.13,63253.51,2017-11-01
2017,October,64126.66,70636.22,134762.88,31215.48,31788.7,63004.18,35748.55,15117.99,13260.12,64126.66,26391.01,26666.22,17578.99,70636.22,134762.88,17401.41,7377.97,6436.1,31215.48,11876.76,12000.42,7911.52,31788.7,63004.18,2017-10-01
2017,September,62962.15,69590.96,132553.11,30701.81,31353.63,62055.44,35426.91,14566.72,12968.52,62962.15,25905.33,26174.28,17511.34,69590.96,132553.11,17274.78,7122.3,6304.73,30701.81,11671.34,11792.32,7889.97,31353.63,62055.44,2017-09-01
2017,August,64677.03,72280.02,136957.05,31575.66,32665.57,64241.23,36065.98,15389.12,13221.93,64677.03,26817.1,27767.7,17695.22,72280.01,136957.03,17607.38,7499.06,6469.22,31575.66,12119.37,12548.78,7997.41,32665.56,64241.22,2017-08-01
2017,July,64063.23,72464.58,136527.81,31261.6,32855.4,64117.0,36124.97,15104.01,12834.26,64063.24,26954.45,27889.6,17620.52,72464.58,136527.81,17628.06,7384.83,6248.71,31261.61,12221.04,12644.83,7989.54,32855.4,64117.01,2017-07-01
2017,June,63554.6,72556.49,136111.09,31098.38,32949.07,64047.46,35518.91,15055.66,12980.04,63554.6,27137.79,27680.31,17738.39,72556.49,136111.09,17379.82,7382.51,6336.06,31098.39,12323.61,12569.77,8055.69,32949.07,64047.46,2017-06-01
2017,May,65007.36,73825.38,138832.73,31720.86,33537.43,65258.29,36564.59,15162.33,13280.44,65007.36,27968.75,27943.54,17913.09,73825.38,138832.73,17841.77,7411.22,6467.87,31720.86,12705.55,12693.9,8137.97,33537.43,65258.28,2017-05-01
2017,April,62660.47,71811.66,134472.13,30594.49,32680.65,63275.14,35256.96,14744.42,12659.1,62660.48,27572.86,26774.1,17464.7,71811.66,134472.14,17214.29,7210.47,6169.74,30594.5,12547.98,12184.29,7948.37,32680.65,63275.14,2017-04-01
2017,March,63544.79,73583.05,137127.84,31099.33,33561.64,64660.97,35894.62,14739.27,12910.9,63544.79,28564.88,27581.06,17437.11,73583.05,137127.84,17566.9,7216.07,6316.36,31099.33,13028.5,12579.58,7953.57,33561.64,64660.97,2017-03-01
2017,February,57775.86,65269.6,123045.45,28316.13,29817.73,58133.87,32590.43,13617.52,11567.92,57775.86,25351.2,23906.61,16011.79,65269.6,123045.46,15972.48,6701.73,5641.93,28316.14,11581.34,10921.22,7315.17,29817.73,58133.87,2017-02-01
2017,January,60599.96,65878.68,126478.64,29769.43,30157.86,59927.29,34982.37,13604.58,12013.02,60599.96,25437.71,24489.17,15951.8,65878.68,126478.64,17184.71,6716.56,5868.16,29769.44,11644.75,11210.35,7302.75,30157.86,59927.29,2017-01-01
2016,December,70428.47,68868.37,139296.84,34716.77,31643.28,66360.05,37304.52,19101.23,14022.71,70428.46,27544.3,25293.73,16030.34,68868.38,139296.84,18391.01,9304.99,7020.77,34716.77,12654.92,11622.06,7366.31,31643.28,66360.05,2016-12-01
2016,November,63173.58,64155.52,127329.11,31079.33,29522.95,60602.27,34878.62,16129.57,12165.38,63173.57,24378.79,24428.6,15348.14,64155.53,127329.1,17161.23,7908.13,6009.97,31079.32,11217.7,11241.72,7063.54,29522.95,60602.27,2016-11-01
2016,October,61910.78,66759.1,128669.88,30302.68,30748.93,61051.61,34806.45,15056.64,12047.69,61910.78,25521.23,25304.18,15933.7,66759.11,128669.89,17038.35,7390.38,5873.94,30302.67,11754.04,11655.22,7339.68,30748.94,61051.61,2016-10-01
2016,September,59799.2,65188.07,124987.27,29272.22,30065.91,59338.14,33988.33,13919.83,11891.04,59799.2,24632.34,24688.77,15866.97,65188.07,124987.27,16639.62,6828.73,5803.87,29272.22,11359.99,11387.13,7318.8,30065.92,59338.14,2016-09-01
2016,August,61959.48,67318.1,129277.59,30333.77,31101.67,61435.45,34687.1,15174.34,12098.04,61959.48,25361.77,26136.93,15819.42,67318.11,129277.59,16983.99,7418.24,5931.54,30333.77,11716.48,12075.77,7309.42,31101.67,61435.45,2016-08-01
2016,July,62595.57,68431.98,131027.55,30629.88,31688.17,62318.05,35296.35,15197.85,12101.37,62595.56,25962.64,26510.98,15958.36,68431.98,131027.55,17273.67,7457.6,5898.61,30629.88,12021.34,12276.44,7390.4,31688.17,62318.05,2016-07-01
2016,June,61795.56,66829.56,128625.13,30210.13,31007.68,61217.81,34713.46,14883.74,12198.35,61795.56,25270.24,25723.17,15836.17,66829.57,128625.13,16972.52,7280.5,5957.11,30210.13,11724.0,11935.31,7348.38,31007.68,61217.81,2016-06-01
2016,May,62690.64,68922.52,131613.16,30529.39,32034.29,62563.68,35265.12,15244.89,12180.62,62690.63,26737.37,26228.88,15956.27,68922.52,131613.16,17175.68,7437.98,5915.72,30529.39,12426.21,12191.08,7417.01,32034.3,62563.69,2016-05-01
2016,April,59595.32,67716.09,127311.42,28867.53,31540.6,60408.13,33642.07,14514.17,11439.08,59595.32,26646.65,25517.33,15552.11,67716.09,127311.41,16297.96,7047.17,5522.39,28867.52,12410.42,11885.62,7244.56,31540.6,60408.13,2016-04-01
2016,March,61662.94,67289.35,128952.29,29907.1,31418.0,61325.1,34825.88,15058.21,11778.84,61662.93,26501.95,25656.29,15131.12,67289.36,128952.3,16892.94,7301.29,5712.86,29907.09,12373.03,11979.39,7065.59,31418.01,61325.1,2016-03-01
2016,February,57336.21,62183.46,119519.67,27609.5,29096.92,56706.42,32529.73,13943.46,10863.01,57336.2,24893.08,23048.35,14242.03,62183.46,119519.67,15666.18,6732.11,5211.21,27609.5,11647.07,10785.01,6664.85,29096.92,56706.42,2016-02-01
2016,January,59247.32,60660.45,119907.77,28535.08,28423.69,56958.76,34619.09,13697.69,10930.53,59247.31,24219.75,22464.28,13976.42,60660.45,119907.77,16675.51,6622.14,5237.43,28535.07,11347.76,10526.3,6549.62,28423.69,56958.76,2016-01-01
2015,December,68196.91,65100.38,133297.28,32940.71,30606.31,63547.02,36380.87,19009.05,12806.98,68196.91,26687.27,24421.15,13991.96,65100.38,133297.28,17573.43,9048.53,6318.75,32940.71,12546.0,11481.85,6578.46,30606.31,63547.02,2015-12-01
2015,November,61707.09,60059.74,121766.83,29699.54,28268.37,57967.91,34397.77,16224.61,11084.71,61707.09,23678.01,22905.21,13476.52,60059.74,121766.83,16556.18,7775.61,5367.76,29699.54,11143.87,10781.27,6343.22,28268.37,57967.91,2015-11-01
2015,October,61253.45,63879.05,125132.5,29295.09,30117.44,59412.53,34731.09,15176.83,11345.54,61253.45,25207.86,24372.04,14299.15,63879.05,125132.5,16611.08,7276.32,5407.7,29295.09,11884.18,11491.32,6741.94,30117.44,59412.53,2015-10-01
2015,September,58667.54,60426.21,119093.74,28098.35,28548.4,56646.75,33490.41,14085.96,11091.16,58667.54,23320.59,23150.72,13954.89,60426.21,119093.74,16040.53,6766.59,5291.23,28098.35,11017.16,10938.04,6593.2,28548.4,56646.75,2015-09-01
2015,August,61688.2,63810.63,125498.83,29628.57,30309.71,59938.29,34706.52,15512.05,11469.63,61688.2,24891.91,24693.83,14224.89,63810.63,125498.83,16669.97,7443.21,5515.39,29628.57,11822.81,11729.94,6756.97,30309.71,59938.29,2015-08-01
2015,July,62269.64,63947.84,126217.47,30000.89,30439.46,60440.35,35314.93,15113.27,11841.44,62269.64,24735.07,24955.02,14257.75,63947.84,126217.47,17014.98,7299.06,5686.85,30000.89,11773.29,11879.2,6786.96,30439.46,60440.35,2015-07-01
2015,June,60308.11,62650.25,122958.36,29115.88,29828.68,58944.56,33898.82,14821.72,11587.56,60308.11,24351.72,24299.96,13998.57,62650.25,122958.36,16366.44,7171.73,5577.71,29115.88,11593.5,11570.05,6665.13,29828.68,58944.56,2015-06-01
2015,May,62750.74,65814.71,128565.45,30354.85,31399.63,61754.48,35474.23,15593.43,11683.08,62750.74,26363.31,25127.4,14324.0,65814.71,128565.45,17160.8,7560.52,5633.54,30354.86,12576.95,11988.58,6834.11,31399.63,61754.49,2015-05-01
2015,April,58926.63,62049.74,120976.38,28471.21,29672.55,58143.76,33479.89,14250.29,11196.46,58926.64,24518.2,23841.31,13690.23,62049.74,120976.38,16176.83,6907.85,5386.53,28471.21,11724.04,11401.54,6546.98,29672.55,58143.76,2015-04-01
2015,March,60499.68,63002.16,123501.84,29197.0,30201.39,59398.39,34287.59,14812.18,11399.9,60499.67,25653.79,23854.89,13493.48,63002.16,123501.83,16547.69,7147.27,5502.04,29197.0,12296.93,11435.82,6468.64,30201.39,59398.39,2015-03-01
2015,February,55514.6,55716.75,111231.35,26645.85,26749.93,53395.79,31636.43,13494.77,10383.41,55514.6,22738.08,20461.53,12517.14,55716.75,111231.35,15185.35,6501.45,4959.04,26645.85,10916.02,9824.11,6009.8,26749.93,53395.79,2015-02-01
2015,January,59277.5,57333.36,116610.86,28426.57,27600.26,56026.83,34739.51,13895.2,10642.79,59277.5,23548.54,21161.51,12623.31,57333.36,116610.86,16659.94,6697.16,5069.47,28426.57,11335.57,10187.58,6077.11,27600.26,56026.83,2015-01-01
2014,December,67235.26,59602.61,126837.87,32342.25,28741.79,61084.04,35943.14,18700.46,12591.65,67235.26,24639.59,22585.57,12377.44,59602.6,126837.86,17288.21,8868.54,6185.5,32342.25,11881.02,10892.06,5968.71,28741.79,61084.04,2014-12-01
2014,November,62026.61,56027.73,118054.34,29945.54,27086.63,57032.17,34520.36,16408.81,11097.44,62026.61,22438.26,21400.77,12188.7,56027.73,118054.34,16664.42,7895.53,5385.59,29945.54,10847.08,10346.94,5892.61,27086.63,57032.17,2014-11-01
2014,October,60853.83,58541.21,119395.05,29313.21,28401.75,57714.96,34463.16,14934.35,11456.33,60853.83,23088.71,22709.18,12743.31,58541.21,119395.04,16599.36,7213.38,5500.48,29313.21,11200.95,11018.32,6182.48,28401.75,57714.96,2014-10-01
2014,September,57909.64,55407.71,113317.36,27957.7,26938.36,54896.06,32905.51,13895.63,11108.51,57909.64,21602.87,21387.15,12417.69,55407.71,113317.34,15884.74,6730.94,5342.02,27957.7,10502.29,10398.83,6037.24,26938.36,54896.06,2014-09-01
2014,August,61697.66,59367.58,121065.23,29892.28,28952.44,58844.72,34505.52,15666.8,11525.34,61697.66,23503.63,23130.3,12733.64,59367.57,121065.23,16716.29,7589.49,5586.5,29892.28,11461.53,11281.0,6209.91,28952.44,58844.72,2014-08-01
2014,July,60980.64,58025.8,119006.44,29656.13,28365.19,58021.32,34571.89,14792.58,11616.17,60980.64,22609.47,22866.32,12550.01,58025.8,119006.44,16811.5,7212.25,5632.38,29656.13,11051.64,11178.7,6134.85,28365.19,58021.32,2014-07-01
2014,June,59395.49,56971.07,116366.56,28966.53,27935.35,56901.88,33307.28,14768.93,11319.28,59395.49,22257.71,22338.34,12375.01,56971.07,116366.56,16242.13,7220.15,5504.25,28966.53,10913.2,10954.21,6067.94,27935.35,56901.88,2014-06-01
2014,May,62166.04,59879.86,122045.89,30272.5,29420.03,59692.54,34922.12,15484.59,11759.33,62166.04,24119.38,23009.84,12750.64,59879.85,122045.89,17004.21,7554.84,5713.45,30272.5,11849.5,11305.93,6264.59,29420.03,59692.54,2014-05-01
2014,April,58511.64,56100.02,114611.66,28660.61,27609.47,56270.08,32899.86,14329.36,11282.43,58511.64,22404.27,21627.04,12068.7,56100.01,114611.66,16113.8,7026.61,5520.2,28660.61,11025.48,10644.44,5939.55,27609.47,56270.08,2014-04-01
2014,March,59176.77,57774.91,116951.67,29124.62,28509.32,57633.95,33154.76,14792.8,11229.2,59176.77,23942.09,21856.46,11976.35,57774.91,116951.67,16316.08,7293.15,5515.39,29124.62,11813.58,10785.94,5909.81,28509.32,57633.95,2014-03-01
2014,February,54436.18,50686.99,105123.17,26888.95,25081.96,51970.91,30550.68,13457.18,10428.32,54436.18,20979.28,18633.1,11074.61,50686.99,105123.16,15089.26,6671.97,5127.72,26888.95,10380.71,9221.05,5480.19,25081.96,51970.91,2014-02-01
2014,January,57589.19,50934.43,108523.62,28538.01,25276.89,53814.89,33406.84,13334.4,10847.95,57589.19,20890.7,18929.56,11114.16,50934.43,108523.61,16553.08,6647.39,5337.53,28538.01,10366.61,9394.7,5515.57,25276.89,53814.89,2014-01-01
2013,December,65073.26,53808.93,118882.19,32451.88,26720.3,59172.18,34261.02,18434.49,12377.76,65073.27,22375.46,20634.58,10798.89,53808.93,118882.2,17086.0,9064.08,6301.81,32451.89,11110.84,10246.6,5362.86,26720.3,59172.19,2013-12-01
2013,November,60026.0,52059.82,112085.81,29955.71,25886.55,55842.26,33237.98,16041.76,10746.26,60026.0,21027.41,20317.15,10715.26,52059.82,112085.81,16587.37,7973.73,5394.61,29955.71,10455.51,10102.56,5328.48,25886.55,55842.27,2013-11-01
2013,October,58019.92,52743.92,110763.84,28858.36,26293.26,55151.63,32744.94,14449.55,10825.43,58019.92,20933.48,20835.35,10975.09,52743.92,110763.84,16287.01,7202.94,5368.41,28858.36,10435.22,10386.51,5471.53,26293.27,55151.63,2013-10-01
2013,September,55517.21,50383.22,105900.44,27657.56,25148.76,52806.32,31479.64,13691.49,10346.09,55517.21,19811.05,19898.8,10673.37,50383.22,105900.44,15682.62,6841.36,5133.58,27657.56,9888.4,9932.41,5327.95,25148.76,52806.32,2013-09-01
2013,August,59443.22,54383.79,113827.01,29619.24,27170.68,56789.93,33360.18,15187.5,10895.54,59443.22,21633.46,21756.13,10994.19,54383.79,113827.01,16622.74,7566.25,5430.25,29619.24,10808.0,10869.5,5493.18,27170.69,56789.93,2013-08-01
2013,July,58298.19,53141.5,111439.7,29099.43,26593.88,55693.31,33023.43,14445.67,10829.09,58298.19,20761.81,21603.72,10775.97,53141.5,111439.7,16483.69,7233.5,5382.25,29099.43,10389.66,10811.19,5393.04,26593.88,55693.31,2013-07-01
2013,June,57543.68,52898.63,110442.3,28734.14,26515.14,55249.28,32362.01,14655.11,10526.56,57543.68,20970.82,21220.06,10707.74,52898.63,110442.3,16159.9,7333.1,5241.14,28734.13,10511.22,10636.36,5367.56,26515.14,55249.28,2013-06-01
2013,May,59515.63,54559.73,114075.36,29743.92,27389.92,57133.84,33613.81,14925.55,10976.27,59515.63,21894.14,21756.13,10909.46,54559.73,114075.36,16799.16,7470.51,5474.25,29743.92,10990.93,10921.87,5477.11,27389.92,57133.84,2013-05-01
2013,April,54857.02,52159.47,107016.49,27324.35,26228.83,53553.18,30739.36,13725.51,10392.16,54857.02,20989.35,20703.96,10466.16,52159.47,107016.49,15311.41,6860.05,5152.89,27324.35,10554.39,10411.09,5263.36,26228.84,53553.18,2013-04-01
2013,March,59125.32,54316.38,113441.7,29488.82,27407.02,56895.84,33269.24,15006.6,10849.48,59125.32,22435.53,21411.36,10469.49,54316.38,113441.7,16593.17,7493.22,5402.43,29488.82,11320.23,10803.69,5283.1,27407.03,56895.84,2013-03-01
2013,February,53208.31,47898.89,101107.2,26508.67,24216.93,50725.6,29851.31,13415.6,9941.4,53208.31,19543.63,18630.09,9725.17,47898.89,101107.2,14872.18,6702.5,4934.0,26508.67,9880.68,9419.02,4917.23,24216.93,50725.6,2013-02-01
2013,January,55276.72,48279.25,103555.97,27514.83,24431.23,51946.06,32133.25,13045.14,10098.34,55276.73,19727.45,18864.49,9687.3,48279.25,103555.97,15994.91,6517.55,5002.36,27514.83,9982.61,9546.12,4902.51,24431.23,51946.06,2013-01-01
2012,December,63761.23,50759.41,114520.63,31923.48,25723.73,57647.21,33928.43,18494.32,11338.48,63761.23,21529.01,19981.56,9248.83,50759.41,114520.63,16986.46,9127.38,5809.64,31923.48,10909.82,10126.33,4687.57,25723.73,57647.21,2012-12-01
2012,November,58348.94,47747.74,106096.68,29289.91,24229.85,53519.76,32480.94,15556.97,10311.04,58348.94,19414.15,19146.13,9187.46,47747.74,106096.68,16304.19,7766.69,5219.03,29289.91,9851.27,9715.92,4662.65,24229.84,53519.76,2012-11-01
2012,October,56700.02,48818.9,105518.92,28442.48,24804.0,53246.48,32125.68,14144.55,10429.79,56700.02,19571.93,19804.03,9442.94,48818.9,105518.92,16114.7,7117.57,5210.21,28442.48,9943.6,10062.19,4798.21,24804.0,53246.48,2012-10-01
2012,September,54933.66,48097.48,103031.14,27656.48,24455.52,52111.99,31463.05,13576.42,9894.2,54933.67,19474.6,19184.76,9438.12,48097.48,103031.15,15839.62,6857.44,4959.42,27656.48,9901.46,9754.75,4799.3,24455.51,52111.99,2012-09-01
2012,August,57932.78,50665.15,108597.94,29154.68,25815.81,54970.48,32781.87,14725.06,10425.85,57932.78,20484.25,20668.71,9512.2,50665.15,108597.94,16496.93,7402.64,5255.11,29154.68,10436.92,10531.62,4847.27,25815.8,54970.48,2012-08-01
2012,July,56545.7,50258.39,106804.09,28506.09,25685.91,54192.0,32415.89,14107.95,10021.87,56545.7,20440.6,20528.77,9289.02,50258.39,106804.09,16341.11,7141.27,5023.71,28506.09,10446.14,10491.91,4747.85,25685.9,54192.0,2012-07-01
2012,June,56663.18,50428.96,107092.14,28539.52,25827.05,54366.58,32221.46,14399.41,10042.3,56663.18,20566.31,20414.94,9447.71,50428.96,107092.14,16228.44,7269.33,5041.76,28539.52,10532.4,10455.58,4839.07,25827.05,54366.57,2012-06-01
2012,May,58159.79,50811.12,108970.91,29292.94,26086.06,55379.0,33052.07,14543.12,10564.6,58159.79,20881.17,20396.15,9533.8,50811.12,108970.91,16646.56,7347.08,5299.3,29292.94,10719.65,10471.36,4895.05,26086.06,55379.0,2012-05-01
2012,April,55226.5,48846.31,104072.81,27792.38,25137.41,52929.79,31237.17,13847.73,10141.59,55226.5,20237.37,19484.48,9124.46,48846.31,104072.8,15719.38,6988.78,5084.22,27792.38,10414.03,10027.27,4696.1,25137.4,52929.79,2012-04-01
2012,March,57299.78,50723.55,108023.33,28876.63,26172.26,55048.88,32337.26,14457.92,10504.6,57299.78,21339.69,20327.22,9056.64,50723.55,108023.33,16296.05,7286.46,5294.12,28876.63,11010.21,10488.54,4673.51,26172.26,55048.88,2012-03-01
2012,February,53543.8,45901.84,99445.65,27007.47,23731.61,50739.08,30218.57,13698.57,9626.67,53543.8,19134.5,18279.36,8487.98,45901.84,99445.65,15241.73,6927.52,4838.23,27007.47,9892.14,9450.69,4388.78,23731.61,50739.08,2012-02-01
2012,January,53531.81,44638.38,98170.19,26941.52,23111.24,50052.77,31148.53,12881.64,9501.63,53531.81,18619.92,17750.94,8267.51,44638.38,98170.19,15675.93,6521.26,4744.32,26941.52,9639.82,9190.55,4280.87,23111.24,50052.76,2012-01-01
2011,December,60969.98,47875.32,108845.3,30921.5,24877.09,55798.59,33791.44,15627.67,11550.87,60969.98,20140.82,19098.35,8636.14,47875.31,108845.29,17134.62,7801.32,5985.56,30921.5,10465.44,9923.72,4487.93,24877.08,55798.59,2011-12-01
2011,November,54764.13,44371.71,99135.84,27847.04,23094.85,50941.89,31803.54,12794.95,10165.64,54764.13,17862.98,18068.3,8440.43,44371.71,99135.84,16168.94,6467.29,5210.81,27847.04,9297.27,9404.09,4393.49,23094.85,50941.89,2011-11-01
2011,October,53421.18,46953.96,100375.15,27067.87,24500.33,51568.2,31511.84,11946.12,9963.23,53421.18,19198.72,18983.32,8771.92,46953.96,100375.15,15963.84,6074.07,5029.95,27067.87,10017.62,9905.18,4577.53,24500.33,51568.2,2011-10-01
2011,September,51913.54,45953.94,97867.48,26356.29,24022.46,50378.75,30875.13,11290.57,9747.83,51913.54,18702.48,18434.31,8817.15,45953.94,97867.48,15672.41,5754.6,4929.28,26356.29,9776.57,9636.34,4609.55,24022.46,50378.75,2011-09-01
2011,August,54037.14,47686.68,101723.83,27600.83,24983.9,52584.73,31889.25,12038.96,10108.93,54037.14,19352.02,19529.2,8805.47,47686.68,101723.83,16285.36,6155.72,5159.76,27600.83,10138.69,10231.47,4613.74,24983.9,52584.73,2011-08-01
2011,July,54356.04,48577.97,102934.0,27942.73,25553.39,53496.13,32366.06,12039.69,9950.29,54356.04,19947.63,19756.12,8874.22,48577.97,102934.0,16635.43,6220.2,5087.1,27942.73,10492.84,10392.06,4668.5,25553.39,53496.13,2011-07-01
2011,June,53350.04,47246.28,100596.32,27583.99,24904.82,52488.82,31486.63,11788.93,10074.49,53350.04,19149.53,19190.38,8906.37,47246.28,100596.32,16276.9,6099.77,5207.33,27583.99,10094.08,10115.56,4695.18,24904.82,52488.82,2011-06-01
2011,May,53985.59,47958.21,101943.8,27941.33,25345.47,53286.8,31784.1,12049.6,10151.9,53985.59,19739.41,19405.8,8813.01,47958.21,101943.81,16447.59,6259.47,5234.27,27941.33,10431.91,10255.57,4657.99,25345.47,53286.8,2011-05-01
2011,April,52989.12,46445.39,99434.52,27562.94,24590.66,52153.61,31356.26,11723.73,9909.12,52989.12,19070.45,18813.91,8561.04,46445.39,99434.52,16307.46,6111.74,5143.74,27562.94,10096.74,9960.87,4533.06,24590.66,52153.61,2011-04-01
2011,March,52509.66,46622.31,99131.97,27411.71,24770.46,52182.17,31045.11,11572.82,9891.72,52509.66,19317.87,19063.84,8240.6,46622.31,99131.97,16203.67,6052.72,5155.32,27411.71,10263.42,10128.41,4378.63,24770.46,52182.17,2011-03-01
2011,February,48123.74,41742.23,89865.97,25370.68,22243.25,47613.93,28439.23,10784.94,8899.57,48123.74,17183.67,16945.17,7613.39,41742.23,89865.97,14990.42,5706.44,4673.82,25370.68,9156.53,9029.41,4057.31,22243.25,47613.93,2011-02-01
2011,January,50294.93,41467.34,91762.27,26662.96,22137.93,48800.89,30611.52,10716.36,8967.05,50294.93,17113.82,16759.03,7594.5,41467.34,91762.27,16225.28,5717.4,4720.28,26662.96,9136.3,8946.85,4054.78,22137.93,48800.89,2011-01-01
2010,December,58440.2,44413.98,102854.17,31410.83,23756.07,55166.9,32470.94,14993.36,10975.9,58440.2,18325.08,17923.88,8165.01,44413.98,102854.17,17451.92,7922.37,6036.55,31410.83,9801.24,9587.2,4367.63,23756.07,55166.9,2010-12-01
2010,November,52011.22,41771.79,93783.02,28009.18,22363.45,50372.63,30387.2,12321.1,9302.92,52011.22,16639.24,17235.71,7896.85,41771.79,93783.02,16363.44,6585.17,5060.57,28009.18,8907.77,9227.62,4228.06,22363.45,50372.63,2010-11-01
2010,October,50682.61,44332.12,95014.73,27273.54,23757.67,51031.2,30165.26,11399.12,9118.23,50682.61,17774.26,18354.78,8203.08,44332.12,95014.73,16231.93,6156.45,4885.16,27273.54,9524.82,9836.47,4396.38,23757.67,51031.2,2010-10-01
2010,September,48924.76,42482.82,91407.59,26393.0,22787.88,49180.89,29526.28,10573.05,8825.43,48924.76,16929.37,17309.97,8243.48,42482.82,91407.59,15927.57,5723.66,4741.78,26393.0,9080.54,9285.21,4422.14,22787.88,49180.89,2010-09-01
2010,August,50499.04,44995.25,95494.29,27340.79,24205.16,51545.95,29995.54,11502.93,9000.56,50499.04,18076.53,18717.69,8201.04,44995.25,95494.29,16239.23,6235.46,4866.1,27340.79,9723.81,10069.27,4412.08,24205.16,51545.95,2010-08-01
2010,July,51283.7,45754.82,97038.52,27781.87,24691.42,52473.29,30895.62,11459.87,8928.21,51283.7,18642.72,18880.84,8231.26,45754.82,97038.52,16736.31,6235.24,4810.33,27781.87,10060.01,10189.08,4442.32,24691.42,52473.29,2010-07-01
2010,June,49860.47,44101.64,93962.11,26997.7,23790.11,50787.81,29696.0,11214.65,8949.81,49860.47,17793.3,18192.67,8115.66,44101.64,93962.11,16078.63,6085.14,4833.93,26997.7,9597.95,9813.93,4378.24,23790.11,50787.8,2010-06-01
2010,May,51718.05,45259.38,96977.42,27947.45,24438.88,52386.34,30939.14,11748.8,9030.11,51718.05,18782.0,18334.9,8142.47,45259.38,96977.42,16718.18,6365.47,4863.81,27947.45,10141.33,9900.48,4397.08,24438.88,52386.34,2010-05-01
2010,April,49234.41,43619.69,92854.09,26612.24,23584.54,50196.79,29268.08,11015.12,8951.21,49234.41,18126.47,17590.26,7902.96,43619.69,92854.09,15819.31,5975.98,4816.95,26612.24,9800.27,9510.91,4273.37,23584.54,50196.79,2010-04-01
2010,March,50461.34,43619.83,94081.16,27289.84,23614.5,50904.34,30129.72,11247.29,9084.33,50461.34,18153.48,17846.49,7619.85,43619.83,94081.16,16293.64,6081.41,4914.8,27289.84,9827.31,9661.67,4125.51,23614.5,50904.34,2010-03-01
2010,February,46614.12,39391.18,86005.3,25268.42,21316.71,46585.13,27850.88,10584.59,8178.64,46614.12,16182.2,16027.75,7181.23,39391.18,86005.3,15096.64,5770.2,4401.59,25268.42,8756.67,8673.58,3886.46,21316.71,46585.13,2010-02-01
2010,January,48804.88,39765.86,88570.73,26420.85,21535.25,47956.1,29870.79,10551.47,8382.62,48804.88,16427.36,16162.66,7175.84,39765.86,88570.74,16170.04,5744.79,4506.03,26420.86,8895.85,8753.0,3886.4,21535.25,47956.11,2010-01-01
2009,December,56615.44,42162.91,98778.36,30927.94,22845.9,53773.84,31809.86,14543.81,10261.76,56615.44,17378.49,16865.76,7918.66,42162.91,98778.35,17379.29,7793.63,5755.01,30927.94,9415.9,9138.7,4291.3,22845.9,53773.84,2009-12-01
2009,November,50257.07,39872.64,90129.72,27524.54,21619.92,49144.46,29753.21,11767.96,8735.91,50257.08,16034.12,16119.56,7718.96,39872.64,90129.72,16297.11,6397.53,4829.89,27524.54,8693.54,8740.44,4185.95,21619.92,49144.46,2009-11-01
2009,October,49870.07,42476.04,92346.11,27211.7,23073.56,50285.26,30095.62,11140.24,8634.22,49870.08,17329.38,16985.94,8160.71,42476.04,92346.11,16423.78,6092.53,4695.39,27211.7,9412.95,9227.01,4433.6,23073.56,50285.26,2009-10-01
2009,September,47514.62,40837.28,88351.89,25972.4,22205.25,48177.65,29034.07,10183.55,8297.0,47514.62,16422.31,16284.69,8130.27,40837.27,88351.89,15872.56,5585.65,4514.2,25972.4,8929.05,8854.8,4421.39,22205.25,48177.65,2009-09-01
2009,August,49856.13,43661.74,93517.88,27189.2,23775.86,50965.06,30046.71,11286.44,8522.99,49856.13,17739.02,17815.75,8106.96,43661.74,93517.88,16388.11,6154.17,4646.92,27189.2,9659.11,9701.53,4415.22,23775.86,50965.06,2009-08-01
2009,July,50226.29,43961.34,94187.63,27379.15,23974.38,51353.53,30641.72,11009.61,8574.96,50226.29,17806.96,18004.91,8149.46,43961.34,94187.63,16705.37,6020.57,4653.21,27379.15,9710.43,9819.02,4444.93,23974.38,51353.53,2009-07-01
2009,June,48935.08,42996.16,91931.25,26550.0,23467.14,50017.14,29431.24,10968.71,8535.14,48935.09,17360.46,17527.3,8108.4,42996.16,91931.25,15970.07,5971.91,4608.02,26550.0,9474.66,9566.35,4426.13,23467.14,50017.14,2009-06-01
2009,May,50824.38,44670.96,95495.34,27541.21,24396.54,51937.75,30829.36,11567.63,8427.41,50824.39,18481.08,18130.32,8059.55,44670.96,95495.34,16708.19,6287.59,4545.43,27541.21,10092.59,9901.69,4402.26,24396.54,51937.75,2009-05-01
2009,April,48003.07,41936.4,89939.48,25928.59,22915.22,48843.8,29264.78,10674.71,8063.59,48003.08,17211.04,17070.6,7654.76,41936.4,89939.48,15809.17,5773.0,4346.41,25928.59,9403.99,9327.87,4183.36,22915.22,48843.8,2009-04-01
2009,March,47772.88,42451.01,90223.89,25646.53,23268.34,48914.87,28931.13,10795.45,8046.3,47772.88,17872.88,17241.99,7336.13,42451.01,90223.89,15533.41,5815.73,4297.39,25646.53,9795.9,9450.74,4021.71,23268.34,48914.87,2009-03-01
2009,February,44712.04,38922.22,83634.26,23862.76,21357.97,45220.73,26994.95,10183.52,7533.58,44712.04,16363.08,15609.55,6949.58,38922.21,83634.26,14408.97,5467.39,3986.41,23862.76,8978.41,8565.52,3814.04,21357.97,45220.73,2009-02-01
2009,January,48316.64,40361.54,88678.19,25627.53,22212.72,47840.25,30200.02,10414.22,7702.41,48316.65,17175.02,16010.87,7175.65,40361.54,88678.19,16020.33,5560.47,4046.74,25627.53,9451.56,8811.5,3949.67,22212.72,47840.25,2009-01-01
2008,December,54726.71,42220.46,96947.17,29180.39,23299.64,52480.03,31150.2,14270.48,9306.03,54726.71,17839.41,16742.03,7639.01,42220.45,96947.17,16607.18,7478.73,5094.48,29180.39,9843.36,9240.15,4216.12,23299.63,52480.02,2008-12-01
2008,November,50406.08,40784.96,91191.03,26827.18,22573.01,49400.2,30205.54,11928.37,8272.16,50406.08,16738.25,16287.43,7759.28,40784.95,91191.03,16073.92,6314.4,4438.85,26827.18,9262.67,9015.44,4294.9,22573.01,49400.19,2008-11-01
2008,October,50143.2,43045.61,93188.81,26617.53,23906.01,50523.55,30150.41,10834.56,9158.24,50143.21,17322.72,17316.82,8406.07,43045.61,93188.81,16002.66,5765.39,4849.49,26617.53,9619.03,9618.14,4668.84,23906.01,50523.54,2008-10-01
2008,September,48405.48,41744.29,90149.77,25816.27,23296.44,49112.71,29012.41,10176.35,9216.73,48405.48,16769.72,16368.94,8605.62,41744.28,90149.77,15471.27,5458.64,4886.36,25816.27,9357.4,9136.04,4803.0,23296.44,49112.71,2008-09-01
2008,August,51999.56,45473.82,97473.38,27907.99,25513.66,53421.65,30828.21,11532.69,9638.66,51999.56,18737.45,18104.8,8631.56,45473.82,97473.38,16543.24,6200.41,5164.35,27907.99,10511.35,10158.98,4843.33,25513.66,53421.65,2008-08-01
2008,July,51913.52,44701.65,96615.17,28052.14,25160.05,53212.2,30833.36,11191.22,9888.95,51913.52,18209.37,17895.79,8596.49,44701.65,96615.17,16659.02,6077.82,5315.29,28052.14,10247.54,10073.58,4838.94,25160.05,53212.19,2008-07-01
2008,June,50562.02,43843.43,94405.45,27656.87,24833.21,52490.08,29597.58,11301.51,9662.94,50562.02,17978.38,17327.27,8537.77,43843.43,94405.45,16187.43,6198.12,5271.32,27656.87,10181.59,9815.29,4836.32,24833.21,52490.08,2008-06-01
2008,May,52749.2,45597.09,98346.29,29031.36,25952.99,54984.36,31229.6,11728.28,9791.32,52749.2,19088.35,17898.92,8609.82,45597.09,98346.28,17185.46,6479.01,5366.89,29031.36,10863.14,10188.78,4901.07,25952.99,54984.35,2008-05-01
2008,April,48147.17,42481.59,90628.76,26625.75,24280.02,50905.77,28731.58,10318.85,9096.73,48147.17,17602.0,16731.58,8148.0,42481.58,90628.75,15886.71,5723.59,5015.45,26625.75,10058.82,9563.79,4657.41,24280.02,50905.77,2008-04-01
2008,March,50050.71,43104.04,93154.75,28030.45,24699.07,52729.52,29914.43,10906.54,9229.74,50050.71,18337.3,16900.88,7865.86,43104.04,93154.75,16751.11,6119.66,5159.67,28030.44,10505.93,9685.38,4507.75,24699.06,52729.51,2008-03-01
2008,February,46829.27,40185.1,87014.36,26210.44,23098.1,49308.54,28043.49,10123.1,8662.68,46829.27,17026.65,15667.7,7490.75,40185.09,87014.36,15693.95,5689.18,4827.31,26210.44,9785.36,9006.61,4306.12,23098.1,49308.54,2008-02-01
2008,January,47994.55,39643.91,87638.46,26907.35,22874.26,49781.61,29449.82,9786.9,8757.83,47994.55,16637.27,15496.31,7510.33,39643.9,87638.45,16508.39,5517.46,4881.5,26907.34,9598.19,8942.18,4333.88,22874.25,49781.59,2008-01-01
2007,December,56320.32,43440.43,99760.75,32015.59,25170.77,57186.36,31562.03,14300.6,10457.69,56320.32,18740.69,16674.04,8025.71,43440.43,99760.75,17937.4,8014.02,6064.17,32015.59,10857.45,9662.07,4651.25,25170.77,57186.36,2007-12-01
2007,November,50373.22,40575.76,90948.98,28699.68,23553.34,52253.03,29691.93,11393.47,9287.82,50373.22,16875.93,15831.02,7868.8,40575.76,90948.98,16912.74,6444.41,5342.54,28699.68,9794.76,9190.14,4568.45,23553.34,52253.03,2007-11-01
2007,October,48018.39,42067.64,90086.03,27413.21,24486.91,51900.13,28912.16,10138.05,8968.19,48018.39,17384.84,16544.34,8138.46,42067.64,90086.03,16501.78,5802.29,5109.13,27413.21,10118.04,9630.8,4738.07,24486.91,51900.13,2007-10-01
2007,September,46545.07,41153.94,87699.02,26721.18,24008.98,50730.16,28372.55,9753.7,8418.82,46545.07,17049.97,16015.11,8088.86,41153.94,87699.02,16284.65,5631.84,4804.69,26721.18,9945.49,9343.71,4719.79,24008.98,50730.16,2007-09-01
2007,August,49037.05,43788.14,92825.2,28300.42,25674.75,53975.16,29535.53,10640.51,8861.02,49037.05,18336.53,17466.84,7984.77,43788.14,92825.19,17041.64,6147.88,5110.9,28300.42,10749.96,10242.15,4682.64,25674.75,53975.16,2007-08-01
2007,July,48281.25,43350.02,91631.27,27964.53,25519.2,53483.73,29325.02,10287.68,8668.55,48281.25,18050.01,17232.56,8067.46,43350.02,91631.27,16981.09,5991.19,4992.25,27964.53,10624.17,10145.05,4749.97,25519.2,53483.73,2007-07-01
2007,June,48293.04,43311.53,91604.57,28034.14,25619.97,53654.12,29098.2,10485.66,8709.18,48293.05,18213.64,17039.06,8058.82,43311.53,91604.58,16887.56,6115.81,5030.77,28034.14,10772.39,10079.71,4767.88,25619.97,53654.12,2007-06-01
2007,May,49217.07,43019.67,92236.73,28658.39,25534.25,54192.64,29755.67,10477.04,8984.36,49217.07,18186.66,16853.93,7979.08,43019.67,92236.73,17322.24,6119.29,5216.86,28658.39,10793.17,10004.24,4736.84,25534.25,54192.64,2007-05-01
2007,April,45877.94,40933.3,86811.24,26890.44,24356.18,51246.62,27675.06,9818.16,8384.72,45877.94,17517.43,15762.0,7653.88,40933.3,86811.25,16217.38,5767.84,4905.22,26890.44,10421.8,9379.3,4555.08,24356.18,51246.62,2007-04-01
2007,March,47605.98,42569.04,90175.02,27938.95,25409.28,53348.23,28855.82,10162.77,8587.38,47605.98,18518.94,16515.05,7535.04,42569.04,90175.02,16930.91,5972.75,5035.29,27938.95,11052.35,9858.38,4498.55,25409.28,53348.23,2007-03-01
2007,February,43137.86,37301.48,80439.34,25389.9,22283.98,47673.88,26298.6,9030.96,7808.29,43137.86,16218.1,14134.55,6948.83,37301.48,80439.34,15475.09,5335.8,4579.01,25389.9,9687.39,8444.54,4152.06,22283.98,47673.88,2007-02-01
2007,January,45174.34,37879.09,83053.43,26794.28,22711.25,49505.53,28079.76,9178.4,7916.17,45174.34,16431.56,14473.42,6974.11,37879.09,83053.43,16651.06,5467.5,4675.72,26794.28,9850.55,8678.4,4182.3,22711.25,49505.53,2007-01-01
2006,December,53431.8,42129.62,95561.42,32069.95,25379.96,57449.91,30467.32,13157.76,9806.72,53431.8,18464.37,15924.37,7740.88,42129.62,95561.42,18285.92,7777.58,6006.45,32069.95,11123.91,9592.38,4663.67,25379.96,57449.91,2006-12-01
2006,November,47127.01,37971.3,85098.31,28285.79,22942.96,51228.75,28294.69,10259.79,8572.53,47127.01,15936.17,14691.39,7343.74,37971.3,85098.31,16981.95,6103.73,5200.12,28285.79,9629.36,8876.01,4437.59,22942.96,51228.75,2006-11-01
2006,October,45551.51,39817.29,85368.8,27228.06,24118.16,51346.22,27728.36,9340.47,8482.67,45551.51,16600.48,15580.13,7636.67,39817.29,85368.8,16573.81,5601.18,5053.08,27228.06,10055.71,9436.36,4626.09,24118.16,51346.22,2006-10-01
2006,September,44532.55,39479.48,84012.02,26756.13,23985.11,50741.23,27291.02,8943.13,8298.4,44532.55,16522.03,15313.09,7644.35,39479.48,84012.02,16396.44,5399.92,4959.77,26756.13,10038.14,9302.38,4644.59,23985.11,50741.23,2006-09-01
2006,August,46763.01,41184.99,87948.0,28241.74,25058.76,53300.5,28339.16,9435.39,8988.47,46763.02,17071.31,16339.53,7774.15,41184.99,87948.0,17114.34,5710.44,5416.97,28241.74,10387.4,9940.79,4730.56,25058.76,53300.5,2006-08-01
2006,July,46403.66,40888.5,87292.17,28097.47,24940.65,53038.12,28351.02,9338.09,8714.55,46403.66,16908.32,16281.11,7699.07,40888.5,87292.17,17165.95,5680.82,5250.7,28097.47,10313.99,9930.05,4696.61,24940.65,53038.12,2006-07-01
2006,June,45877.19,40295.98,86173.17,27836.5,24640.92,52477.43,27804.71,9354.13,8718.35,45877.19,16634.84,15996.34,7664.8,40295.98,86173.17,16870.2,5688.7,5277.6,27836.5,10172.63,9780.86,4687.43,24640.92,52477.43,2006-06-01
2006,May,46704.68,40468.17,87172.86,28382.9,24808.49,53191.39,28365.85,9451.14,8887.7,46704.68,16781.98,16029.72,7656.47,40468.17,87172.86,17237.57,5765.43,5379.9,28382.9,10288.44,9825.93,4694.12,24808.49,53191.39,2006-05-01
2006,April,44427.37,39195.18,83622.55,27055.34,24113.05,51168.39,26935.95,9168.29,8323.12,44427.37,16324.13,15495.64,7375.4,39195.18,83622.55,16402.83,5587.76,5064.75,27055.34,10043.13,9532.13,4537.79,24113.05,51168.39,2006-04-01
2006,March,44838.62,39817.33,84655.95,27192.19,24545.38,51737.57,27410.36,8925.66,8502.61,44838.62,16677.9,15949.4,7190.03,39817.33,84655.95,16622.29,5419.63,5150.27,27192.19,10281.55,9831.12,4432.71,24545.38,51737.57,2006-03-01
2006,February,41016.03,35478.48,76494.52,24835.25,21915.06,46750.32,25092.44,8251.15,7672.44,41016.03,14897.44,13934.08,6646.97,35478.48,76494.52,15192.94,5021.67,4620.65,24835.25,9202.56,8606.31,4106.19,21915.06,46750.32,2006-02-01
2006,January,42609.71,36348.55,78958.27,25693.5,22521.03,48214.53,26517.14,8248.92,7843.65,42609.71,15369.1,14338.81,6640.64,36348.55,78958.27,15989.16,5003.89,4700.45,25693.5,9522.9,8883.32,4114.81,22521.03,48214.53,2006-01-01
2005,December,51265.67,39044.9,90310.58,31185.88,24270.08,55455.96,29617.95,11816.63,9831.09,51265.67,16402.49,15284.67,7357.74,39044.9,90310.58,18015.11,7084.47,6086.3,31185.88,10195.23,9500.73,4574.13,24270.08,55455.96,2005-12-01
2005,November,45007.79,36051.45,81059.24,27479.44,22455.2,49934.63,27145.71,9390.16,8471.92,45007.79,14745.91,14248.05,7057.49,36051.45,81059.24,16571.88,5699.27,5208.29,27479.44,9184.3,8874.49,4396.4,22455.19,49934.63,2005-11-01
2005,October,44383.02,37852.28,82235.3,27126.39,23625.18,50751.57,26925.54,8739.35,8718.13,44383.02,15629.99,14821.05,7401.24,37852.28,82235.3,16454.71,5359.63,5312.05,27126.39,9754.88,9250.31,4619.99,23625.18,50751.56,2005-10-01
2005,September,43176.98,36779.91,79956.89,26500.38,23026.65,49527.03,26582.32,8071.18,8523.48,43176.98,15044.56,14327.23,7408.13,36779.91,79956.89,16313.36,4994.38,5192.64,26500.38,9418.46,8969.66,4638.53,23026.65,49527.03,2005-09-01
2005,August,44208.09,38645.21,82853.3,27204.83,24244.29,51449.12,27166.47,8515.55,8526.08,44208.1,15884.68,15444.07,7316.46,38645.21,82853.31,16715.83,5252.47,5236.53,27204.84,9964.89,9688.79,4590.61,24244.29,51449.12,2005-08-01
2005,July,44347.86,39285.79,83633.66,27247.71,24722.54,51970.24,27675.0,8548.51,8124.35,44347.86,16135.31,15898.3,7252.18,39285.79,83633.66,17001.82,5278.7,4967.18,27247.71,10153.48,10004.66,4564.39,24722.53,51970.24,2005-07-01
2005,June,43425.41,37840.86,81266.28,26737.3,23862.55,50599.84,26939.63,8431.46,8054.32,43425.41,15453.72,15208.61,7178.53,37840.86,81266.28,16585.01,5200.43,4951.86,26737.3,9744.71,9590.46,4527.38,23862.55,50599.84,2005-06-01
2005,May,43836.21,38102.1,81938.31,26862.58,24102.14,50964.72,27309.54,8468.5,8058.17,43836.21,15743.54,15265.92,7092.65,38102.11,81938.31,16733.22,5212.13,4917.23,26862.58,9958.39,9656.58,4487.16,24102.14,50964.72,2005-05-01
2005,April,41869.89,37378.07,79247.96,25725.22,23705.68,49430.9,26007.07,7965.31,7897.51,41869.89,15449.03,14937.74,6991.31,37378.07,79247.97,15977.15,4896.27,4851.81,25725.22,9797.53,9473.58,4434.55,23705.67,49430.9,2005-04-01
2005,March,43172.02,36620.95,79792.97,26764.99,23273.97,50038.96,26978.17,8045.1,8148.75,43172.02,15339.8,14589.77,6691.39,36620.95,79792.98,16723.52,4990.34,5051.13,26764.99,9748.56,9272.21,4253.2,23273.96,50038.95,2005-03-01
2005,February,38731.16,33418.23,72149.38,24024.6,21271.81,45296.41,24221.28,7261.46,7248.42,38731.16,14151.42,13013.48,6253.33,33418.23,72149.39,15022.54,4513.07,4488.99,24024.6,9007.44,8283.4,3980.97,21271.81,45296.4,2005-02-01
2005,January,40937.11,33494.39,74431.5,25271.94,21387.34,46659.28,26285.06,7295.04,7357.01,40937.11,14090.55,13065.57,6338.28,33494.4,74431.5,16224.86,4517.41,4529.66,25271.94,8996.9,8342.71,4047.73,21387.33,46659.28,2005-01-01
2004,December,48269.58,36644.27,84913.84,29865.04,23507.72,53372.77,28358.6,10501.43,9409.55,48269.58,15151.33,14229.9,7263.03,36644.27,84913.84,17543.18,6389.91,5931.95,29865.04,9719.23,9128.64,4659.85,23507.72,53372.77,2004-12-01
2004,November,42400.99,33847.98,76248.97,26289.86,21748.23,48038.09,26036.48,8248.98,8115.54,42400.99,13796.48,13051.79,6999.71,33847.98,76248.97,16140.92,5096.07,5052.87,26289.86,8864.13,8386.12,4497.98,21748.23,48038.09,2004-11-01
2004,October,41751.41,35999.58,77750.99,25914.66,23155.12,49069.77,25997.18,7648.34,8105.89,41751.41,14825.9,13840.28,7333.4,35999.58,77750.99,16133.71,4761.53,5019.41,25914.65,9535.59,8902.13,4717.4,23155.12,49069.77,2004-10-01
2004,September,40167.03,34339.57,74506.6,25172.38,22145.86,47318.24,25536.02,6943.88,7687.13,40167.03,14086.75,13151.51,7101.33,34339.58,74506.61,16000.8,4371.62,4799.97,25172.38,9084.16,8481.5,4580.19,22145.86,47318.24,2004-09-01
2004,August,40997.13,36269.7,77266.83,25610.03,23452.68,49062.71,25674.66,7465.8,7856.66,40997.13,14900.77,14199.06,7169.86,36269.7,77266.83,16035.97,4671.47,4902.58,25610.03,9634.61,9181.38,4636.7,23452.69,49062.72,2004-08-01
2004,July,42138.7,37282.5,79421.2,26266.87,24184.6,50451.47,26796.43,7476.03,7866.23,42138.69,15319.08,14702.79,7260.63,37282.5,79421.19,16700.83,4680.82,4885.22,26266.87,9936.72,9537.48,4710.4,24184.6,50451.47,2004-07-01
2004,June,40530.02,35455.91,75985.92,25304.68,23098.11,48402.8,25508.58,7275.91,7745.52,40530.02,14412.38,13872.15,7171.38,35455.91,75985.93,15923.71,4564.24,4816.73,25304.68,9388.59,9037.15,4672.38,23098.12,48402.8,2004-06-01
2004,May,41984.56,36048.93,78033.5,26240.92,23522.18,49763.1,26531.74,7665.8,7787.02,41984.56,14812.53,14093.17,7143.23,36048.93,78033.5,16580.17,4808.01,4852.73,26240.91,9664.76,9195.89,4661.53,23522.18,49763.1,2004-05-01
2004,April,39958.45,34605.58,74564.03,25313.71,22641.02,47954.73,25255.76,7098.11,7604.58,39958.45,14052.53,13707.67,6845.39,34605.59,74564.03,15997.11,4496.98,4819.62,25313.71,9193.5,8968.36,4479.16,22641.02,47954.73,2004-04-01
2004,March,39871.13,34784.18,74655.3,25230.98,22806.86,48037.84,25268.36,6965.6,7637.16,39871.13,14413.78,13639.82,6730.58,34784.18,74655.3,15987.72,4412.66,4830.6,25230.98,9450.14,8943.18,4413.54,22806.87,48037.85,2004-03-01
2004,February,37601.7,32232.23,69833.93,23833.65,21167.81,45001.46,23774.4,6652.49,7174.8,37601.7,13580.07,12290.02,6362.14,32232.24,69833.93,15067.0,4235.14,4531.52,23833.65,8917.94,8071.2,4178.68,21167.81,45001.46,2004-02-01
2004,January,39547.52,32030.77,71578.3,25067.01,21103.77,46170.77,25772.53,6557.04,7217.95,39547.52,13598.05,12148.16,6284.57,32030.78,71578.29,16333.31,4183.04,4550.65,25067.0,8958.72,8003.92,4141.13,21103.77,46170.77,2004-01-01
2003,December,44563.13,33621.41,78184.54,28232.8,22223.81,50456.61,26643.5,9234.34,8685.29,44563.13,13845.23,13040.76,6735.43,33621.41,78184.53,16875.16,5769.5,5588.15,28232.8,9151.49,8620.16,4452.15,22223.81,50456.61,2003-12-01
2003,November,40217.45,32196.0,72413.45,25717.08,21339.5,47056.59,25295.52,7515.32,7406.6,40217.45,13215.92,12430.32,6549.76,32196.0,72413.45,16170.71,4801.64,4744.73,25717.08,8759.29,8239.01,4341.2,21339.5,47056.59,2003-11-01
2003,October,39560.23,33527.94,73088.17,25422.26,22282.93,47705.2,25242.1,6680.22,7637.9,39560.23,13693.22,13034.6,6800.12,33527.94,73088.17,16216.58,4306.99,4898.69,25422.26,9100.4,8663.1,4519.44,22282.93,47705.2,2003-10-01
2003,September,37744.3,31922.31,69666.61,24443.86,21273.84,45717.71,24386.73,6140.13,7217.44,37744.3,13087.44,12122.54,6712.33,31922.31,69666.61,15788.84,4003.96,4651.06,24443.86,8721.59,8078.96,4473.29,21273.85,45717.71,2003-09-01
2003,August,40202.9,35497.43,75700.33,26094.05,23682.31,49776.36,25745.84,6970.14,7486.93,40202.9,14923.38,13532.18,7041.86,35497.43,75700.33,16705.88,4535.08,4853.09,26094.05,9955.97,9028.28,4698.05,23682.3,49776.35,2003-08-01
2003,July,39882.07,34405.74,74287.81,26001.56,22991.75,48993.32,26070.03,6531.01,7281.02,39882.07,14194.49,13333.15,6878.1,34405.74,74287.81,16991.89,4276.1,4733.58,26001.56,9485.28,8910.13,4596.34,22991.75,48993.32,2003-07-01
2003,June,38301.95,33469.9,71771.86,24971.39,22415.56,47386.95,24751.73,6482.49,7067.73,38301.95,13773.65,12941.24,6755.01,33469.91,71771.86,16132.65,4242.61,4596.13,24971.39,9224.31,8667.25,4524.01,22415.56,47386.95,2003-06-01
2003,May,40091.98,34387.58,74479.56,26300.13,23080.91,49381.04,26116.03,6659.49,7316.46,40091.98,14296.41,13303.4,6787.78,34387.58,74479.56,17127.18,4380.14,4792.81,26300.13,9595.5,8929.44,4555.98,23080.91,49381.04,2003-05-01
2003,April,37798.99,31616.06,69415.05,24865.86,21267.54,46133.4,24557.36,6142.05,7099.58,37798.99,12916.79,12337.99,6361.29,31616.06,69415.05,16150.4,4042.39,4673.07,24865.86,8688.67,8299.73,4279.14,21267.53,46133.39,2003-04-01
2003,March,38462.74,32420.19,70882.94,25245.56,21820.51,47066.07,24806.63,6272.11,7384.01,38462.74,13458.31,12566.77,6395.11,32420.19,70882.94,16277.61,4123.77,4844.17,25245.56,9057.94,8458.3,4304.27,21820.51,47066.07,2003-03-01
2003,February,35335.12,28760.56,64095.68,23205.76,19389.52,42595.28,22846.61,5653.44,6835.07,35335.12,11958.11,10871.91,5930.54,28760.56,64095.68,14999.93,3724.41,4481.42,23205.76,8061.61,7329.7,3998.22,19389.52,42595.27,2003-02-01
2003,January,37513.23,29299.46,66812.69,24761.67,19840.67,44602.34,24940.17,5580.82,6992.24,37513.23,12225.55,11092.49,5981.41,29299.46,66812.69,16457.85,3698.98,4604.84,24761.67,8278.56,7511.66,4050.45,19840.67,44602.34,2003-01-01
2002,December,42464.04,31628.23,74092.27,28118.15,21390.96,49509.11,25886.84,8196.62,8380.59,42464.04,13208.72,11963.56,6455.95,31628.23,74092.27,17141.38,5369.79,5606.98,28118.15,8933.03,8091.26,4366.67,21390.96,49509.11,2002-12-01
2002,November,39073.24,30235.79,69309.03,25961.33,20483.34,46444.67,25103.56,6648.08,7321.6,39073.24,12442.86,11450.31,6342.62,30235.79,69309.03,16679.55,4427.64,4854.14,25961.33,8429.13,7757.05,4297.16,20483.34,46444.67,2002-11-01
2002,October,37632.63,30893.88,68526.52,25061.28,20952.47,46013.75,24480.65,5811.47,7340.51,37632.63,12607.79,11763.79,6522.3,30893.88,68526.52,16302.83,3885.75,4872.7,25061.28,8550.36,7978.3,4423.81,20952.47,46013.75,2002-10-01
2002,September,35787.06,30162.41,65949.47,23818.63,20502.04,44320.67,23527.35,5364.35,6895.36,35787.06,12207.64,11500.51,6454.27,30162.41,65949.47,15659.04,3594.75,4564.84,23818.63,8297.46,7817.15,4387.43,20502.04,44320.67,2002-09-01
2002,August,38578.67,33151.36,71730.03,25720.67,22584.1,48304.77,25275.8,5995.74,7307.13,38578.67,13741.42,12733.95,6675.99,33151.36,71730.03,16851.61,4003.51,4865.54,25720.67,9360.86,8674.91,4548.33,22584.1,48304.77,2002-08-01
2002,July,38061.45,32291.31,70352.77,25332.38,22035.18,47367.56,25131.03,5701.98,7228.45,38061.45,13222.07,12485.01,6584.23,32291.31,70352.77,16726.4,3816.1,4789.88,25332.38,9022.22,8519.61,4493.35,22035.18,47367.56,2002-07-01
2002,June,37336.98,32009.23,69346.21,24878.6,21879.46,46758.06,24450.21,5865.04,7021.74,37336.98,13096.72,12279.09,6633.42,32009.23,69346.21,16291.86,3919.53,4667.21,24878.6,8951.73,8393.21,4534.53,21879.46,46758.06,2002-06-01
2002,May,38856.4,32145.94,71002.34,25817.27,22047.13,47864.4,25603.22,5907.48,7345.7,38856.4,13268.44,12314.95,6562.55,32145.94,71002.34,17011.54,3923.24,4882.48,25817.27,9099.73,8446.15,4501.25,22047.13,47864.4,2002-05-01
2002,April,35535.63,30585.34,66120.96,23490.39,21024.16,44514.54,23283.08,5338.24,6914.3,35535.63,12545.55,11810.92,6228.87,30585.34,66120.96,15391.05,3510.6,4588.74,23490.39,8623.39,8118.75,4282.02,21024.16,44514.54,2002-04-01
2002,March,37912.51,31216.18,69128.69,25075.81,21469.91,46545.72,25268.38,5627.2,7016.93,37912.51,13075.26,12000.44,6140.48,31216.18,69128.69,16712.88,3711.68,4651.24,25075.81,8992.57,8253.69,4223.66,21469.91,46545.72,2002-03-01
2002,February,33687.45,27946.89,61634.34,22319.29,19232.22,41551.5,22563.65,4918.92,6204.88,33687.45,11749.5,10533.42,5663.97,27946.89,61634.34,14949.37,3258.09,4111.82,22319.29,8085.33,7248.79,3898.09,19232.22,41551.5,2002-02-01
2002,January,35620.32,28082.4,63702.72,23573.1,19391.2,42964.3,24378.93,4832.83,6408.56,35620.32,11848.37,10492.45,5741.58,28082.4,63702.72,16133.74,3198.03,4241.33,23573.1,8181.1,7245.15,3964.95,19391.2,42964.3,2002-01-01
2001,December,42159.65,30674.92,72834.57,28139.21,21225.14,49364.36,26892.79,7487.2,7779.66,42159.65,12907.12,11665.01,6102.8,30674.92,72834.57,17948.18,4933.11,5257.92,28139.21,8931.04,8071.41,4222.69,21225.14,49364.36,2001-12-01
2001,November,37890.88,28571.0,66461.88,25290.05,19791.85,45081.9,25096.4,5853.81,6940.66,37890.88,11598.68,10990.63,5981.69,28571.0,66461.88,16749.27,3889.04,4651.74,25290.05,8034.8,7613.44,4143.61,19791.85,45081.9,2001-11-01
2001,October,36828.62,29478.15,66306.77,24510.89,20443.52,44954.41,24688.98,5141.33,6998.31,36828.62,11929.42,11290.47,6258.27,29478.15,66306.77,16430.34,3455.21,4625.35,24510.89,8273.33,7830.05,4340.14,20443.52,44954.41,2001-10-01
2001,September,35935.67,28825.45,64761.12,24040.09,20047.94,44088.04,24351.08,4822.17,6762.42,35935.67,11688.53,10905.69,6231.23,28825.45,64761.12,16289.15,3258.11,4492.83,24040.09,8129.41,7584.8,4333.73,20047.94,44088.04,2001-09-01
2001,August,37814.94,31682.29,69497.23,25311.81,22085.32,47397.13,25357.3,5194.81,7262.83,37814.94,13151.86,12064.11,6466.33,31682.29,69497.23,16971.97,3485.93,4853.91,25311.81,9168.1,8409.68,4507.53,22085.32,47397.13,2001-08-01
2001,July,36964.18,31036.47,68000.65,24785.02,21709.68,46494.7,24996.23,4940.31,7027.64,36964.18,12708.96,11970.99,6356.52,31036.47,68000.65,16759.17,3331.3,4694.55,24785.02,8889.89,8373.52,4446.26,21709.68,46494.7,2001-07-01
2001,June,37058.88,30955.08,68013.96,24934.55,21715.11,46649.66,24906.52,5017.43,7134.93,37058.88,12596.0,11854.33,6504.75,30955.08,68013.96,16756.84,3387.86,4789.86,24934.55,8836.25,8315.8,4563.05,21715.11,46649.66,2001-06-01
2001,May,37868.93,30640.94,68509.87,25553.31,21556.83,47110.14,25532.23,4984.2,7352.5,37868.93,12428.18,11776.55,6436.21,30640.94,68509.88,17227.51,3364.73,4961.07,25553.31,8743.72,8285.11,4528.01,21556.83,47110.14,2001-05-01
2001,April,35561.35,28965.16,64526.51,24079.8,20425.07,44504.88,23855.45,4680.58,7025.32,35561.35,11696.6,11207.58,6060.99,28965.16,64526.52,16152.21,3158.4,4769.19,24079.8,8248.07,7903.08,4273.91,20425.07,44504.88,2001-04-01
2001,March,36456.29,29929.7,66385.99,24714.5,21154.22,45868.72,24732.34,4576.91,7147.05,36456.29,12293.11,11635.33,6001.25,29929.7,66385.99,16765.41,3104.68,4844.41,24714.5,8688.84,8223.76,4241.61,21154.22,45868.72,2001-03-01
2001,February,32983.29,26699.99,59683.27,22386.11,18926.39,41312.5,22361.82,4028.67,6592.8,32983.29,11007.84,10132.05,5560.1,26699.99,59683.28,15176.15,2739.92,4470.04,22386.11,7803.05,7182.1,3941.24,18926.39,41312.5,2001-02-01
2001,January,34704.89,26931.77,61636.66,23623.33,19135.24,42758.58,23665.57,4135.75,6903.57,34704.89,11057.57,10164.8,5709.4,26931.77,61636.66,16107.83,2818.14,4697.37,23623.33,7856.6,7222.13,4056.52,19135.24,42758.58,2001-01-01
2000,December,41249.27,29009.47,70258.73,28265.7,20687.15,48952.85,26633.65,6311.61,8304.0,41249.27,11834.03,11023.59,6151.86,29009.47,70258.73,18248.4,4237.12,5780.18,28265.7,8438.87,7861.02,4387.26,20687.15,48952.85,2000-12-01
2000,November,36397.61,27571.05,63968.66,25148.0,19707.54,44855.55,24204.25,4901.86,7291.49,36397.61,11167.62,10504.21,5899.23,27571.05,63968.66,16721.41,3360.49,5066.11,25148.0,7982.34,7508.23,4216.97,19707.54,44855.55,2000-11-01
2000,October,35167.97,28926.35,64094.32,24255.31,20688.43,44943.75,23628.15,4372.99,7166.83,35167.97,11922.71,10894.77,6108.87,28926.35,64094.32,16294.45,3061.77,4899.09,24255.31,8527.07,7791.97,4369.4,20688.44,44943.75,2000-10-01
2000,September,34841.88,28690.92,63532.8,24044.63,20556.26,44600.89,23727.25,4137.93,6976.7,34841.88,11739.79,10822.17,6128.95,28690.92,63532.8,16372.47,2896.82,4775.34,24044.63,8411.06,7753.71,4391.49,20556.26,44600.89,2000-09-01
2000,August,35841.72,29792.33,65634.05,24749.27,21408.36,46157.63,24393.58,4364.26,7083.88,35841.72,12047.82,11447.89,6296.62,29792.33,65634.05,16842.22,3033.97,4873.08,24749.27,8657.21,8226.21,4524.94,21408.36,46157.63,2000-08-01
2000,July,35788.01,30050.31,65838.32,24800.28,21644.82,46445.1,24609.52,4244.45,6934.04,35788.01,12210.19,11540.93,6299.19,30050.31,65838.32,17051.89,2971.44,4776.95,24800.28,8794.65,8312.68,4537.5,21644.82,46445.1,2000-07-01
2000,June,35502.83,29565.99,65068.82,24749.71,21359.13,46108.84,24138.44,4309.86,7054.53,35502.83,11801.32,11482.65,6282.02,29565.99,65068.82,16825.45,3023.77,4900.49,24749.71,8525.35,8295.23,4538.55,21359.13,46108.84,2000-06-01
2000,May,35514.36,29276.43,64790.8,24728.2,21187.65,45915.84,24290.04,4206.42,7017.9,35514.36,11871.51,11272.03,6132.89,29276.43,64790.8,16910.91,2921.73,4895.56,24728.2,8591.35,8157.59,4438.71,21187.65,45915.84,2000-05-01
2000,April,34074.71,28393.29,62468.0,23868.28,20572.96,44441.23,23490.59,3918.39,6665.73,34074.71,11667.16,10887.61,5838.52,28393.29,62468.0,16452.55,2724.13,4691.6,23868.28,8453.51,7888.76,4230.69,20572.96,44441.24,2000-04-01
2000,March,34594.65,28679.63,63274.28,24247.04,20805.19,45052.23,23647.38,3975.49,6971.78,34594.65,11903.97,10911.12,5864.54,28679.63,63274.28,16572.32,2786.2,4888.53,24247.04,8635.36,7915.21,4254.61,20805.19,45052.23,2000-03-01
2000,February,31729.7,26327.67,58057.37,22252.4,19133.18,41385.58,21649.88,3494.26,6585.56,31729.7,10928.7,9892.81,5506.17,26327.67,58057.37,15181.57,2458.27,4612.56,22252.4,7942.07,7189.35,4001.76,19133.18,41385.58,2000-02-01
2000,January,31962.86,25514.63,57477.48,22415.91,18586.67,41002.59,22257.04,3397.02,6308.8,31962.86,10470.97,9696.5,5347.16,25514.63,57477.48,15607.33,2382.49,4426.09,22415.91,7627.64,7063.55,3895.49,18586.67,41002.59,2000-01-01
1999,December,40263.52,27511.19,67774.71,28389.6,20092.27,48481.87,26784.21,5602.41,7876.89,40263.52,11235.57,10768.89,5506.72,27511.19,67774.71,18884.19,3905.34,5600.07,28389.6,8205.49,7864.85,4021.93,20092.27,48481.87,1999-12-01
1999,November,34179.58,25940.98,60120.55,24143.63,18979.63,43123.27,23391.09,4111.57,6676.92,34179.58,10716.43,10090.87,5133.68,25940.98,60120.55,16521.84,2899.84,4721.96,24143.63,7840.45,7382.95,3756.23,18979.63,43123.27,1999-11-01
1999,October,33975.56,27526.75,61502.31,23999.52,20176.21,44175.73,23709.01,3730.47,6536.08,33975.56,11566.69,10700.78,5259.27,27526.75,61502.31,16746.39,2663.57,4589.55,23999.52,8477.81,7843.32,3855.09,20176.21,44175.73,1999-10-01
1999,September,33334.45,26040.08,59374.53,23632.54,19132.58,42765.12,23476.37,3499.76,6358.32,33334.45,10780.41,10038.24,5221.43,26040.08,59374.53,16642.55,2508.66,4481.33,23632.54,7920.56,7375.45,3836.57,19132.58,42765.12,1999-09-01
1999,August,33813.15,27575.9,61389.05,24030.35,20285.46,44315.82,23715.74,3649.78,6447.63,33813.15,11431.58,10718.33,5426.0,27575.9,61389.05,16853.23,2608.97,4568.16,24030.35,8409.13,7884.64,3991.7,20285.47,44315.82,1999-08-01
1999,July,34908.82,28039.04,62947.86,24869.64,20688.63,45558.27,24930.56,3580.64,6397.63,34908.82,11569.4,11005.22,5464.41,28039.04,62947.86,17759.81,2569.05,4540.78,24869.64,8536.29,8120.21,4032.13,20688.63,45558.27,1999-07-01
1999,June,33371.66,27000.51,60372.16,23774.54,19982.86,43757.41,23434.47,3615.44,6321.74,33371.66,11053.49,10549.08,5397.93,27000.51,60372.16,16694.04,2587.73,4492.77,23774.54,8180.41,7807.28,3995.17,19982.86,43757.41,1999-06-01
1999,May,34271.98,27447.36,61719.34,24386.15,20313.57,44699.73,24301.46,3597.16,6373.36,34271.98,11292.52,10869.0,5285.84,27447.36,61719.34,17290.53,2550.16,4545.46,24386.15,8357.3,8044.05,3912.22,20313.57,44699.73,1999-05-01
1999,April,32492.09,26319.66,58811.75,23176.23,19490.81,42667.05,22970.69,3274.99,6246.41,32492.09,11022.73,10260.12,5036.81,26319.66,58811.75,16383.67,2317.03,4475.54,23176.23,8162.6,7598.04,3730.17,19490.81,42667.05,1999-04-01
1999,March,32974.88,25850.55,58825.43,23535.0,19178.4,42713.4,23346.95,3335.87,6292.06,32974.88,10824.7,10090.87,4934.98,25850.55,58825.43,16662.23,2368.77,4503.99,23535.0,8030.6,7486.36,3661.44,19178.4,42713.4,1999-03-01
1999,February,29634.78,23667.63,53302.41,21099.44,17601.78,38701.21,21074.39,2880.01,5680.38,29634.79,9911.28,9141.44,4614.91,23667.63,53302.41,15003.63,2039.16,4056.65,21099.44,7370.91,6798.54,3432.32,17601.78,38701.21,1999-02-01
1999,January,31416.61,23820.46,55237.06,22299.99,17747.94,40047.94,22647.53,2968.46,5800.61,31416.61,9975.5,9248.76,4596.2,23820.46,55237.06,16074.53,2117.6,4107.86,22299.99,7432.28,6890.98,3424.68,17747.94,40047.94,1999-01-01
1998,December,36784.93,25938.42,62723.35,26389.35,19381.53,45770.88,25187.35,4441.54,7156.05,36784.93,10868.61,10174.4,4895.4,25938.42,62723.35,18068.21,3113.75,5207.39,26389.35,8120.95,7602.55,3658.03,19381.53,45770.88,1998-12-01
1998,November,32376.12,24478.38,56854.5,23240.78,18335.56,41576.34,22698.8,3483.17,6194.16,32376.12,10210.16,9647.59,4620.63,24478.38,56854.5,16293.06,2493.38,4454.34,23240.78,7647.73,7226.63,3461.2,18335.56,41576.34,1998-11-01
1998,October,32726.56,26172.46,58899.02,23492.34,19640.75,43133.09,23329.22,3138.72,6258.62,32726.56,10988.33,10387.81,4796.31,26172.46,58899.02,16745.58,2282.78,4463.98,23492.34,8245.82,7795.49,3599.45,19640.75,43133.09,1998-10-01
1998,September,31238.89,24860.14,56099.03,22605.28,18678.96,41284.23,22418.61,2885.09,5935.19,31238.89,10343.25,9787.8,4729.1,24860.14,56099.03,16221.72,2121.39,4262.17,22605.28,7771.31,7354.27,3553.38,18678.96,41284.24,1998-09-01
1998,August,32453.15,26549.22,59002.37,23454.85,20022.18,43477.03,23333.74,3034.68,6084.73,32453.15,11041.7,10587.81,4919.71,26549.22,59002.37,16862.97,2204.42,4387.46,23454.85,8326.9,7984.94,3710.34,20022.18,43477.03,1998-08-01
1998,July,33131.73,26469.79,59601.52,24034.63,20011.84,44046.47,23971.7,2957.37,6202.66,33131.73,10951.93,10557.92,4959.94,26469.79,59601.52,17388.65,2167.79,4478.19,24034.63,8279.72,7982.16,3749.97,20011.84,44046.47,1998-07-01
1998,June,31684.14,25880.12,57564.26,23027.47,19614.74,42642.2,22576.78,2988.59,6118.77,31684.14,10722.5,10230.08,4927.54,25880.12,57564.26,16407.42,2187.89,4432.16,23027.46,8126.44,7753.55,3734.75,19614.74,42642.2,1998-06-01
1998,May,32653.27,26445.89,59099.16,23702.28,20056.03,43758.31,23511.49,3018.99,6122.79,32653.27,10944.19,10677.51,4824.19,26445.89,59099.16,17065.44,2182.23,4454.61,23702.28,8299.63,8097.7,3658.69,20056.03,43758.31,1998-05-01
1998,April,31116.51,24711.92,55828.43,22657.27,18787.81,41445.09,22283.79,2810.45,6022.27,31116.51,10302.18,9845.53,4564.21,24711.92,55828.43,16224.81,2032.24,4400.22,22657.27,7832.26,7485.39,3470.17,18787.81,41445.09,1998-04-01
1998,March,30671.49,24639.52,55311.0,22333.23,18767.91,41101.14,22039.0,2682.36,5950.13,30671.49,10451.13,9721.82,4466.57,24639.52,55311.0,16046.58,1949.95,4336.7,22333.23,7960.41,7405.2,3402.31,18767.91,41101.15,1998-03-01
1998,February,28064.53,22345.57,50410.09,20460.54,17052.6,37513.14,20115.34,2363.54,5585.65,28064.53,9546.85,8585.72,4213.01,22345.57,50410.09,14664.27,1716.49,4079.77,20460.54,7285.3,6552.11,3215.19,17052.61,37513.14,1998-02-01
1998,January,30342.99,22686.14,53029.13,21984.26,17356.0,39340.26,22173.07,2434.47,5735.45,30342.99,9576.7,8878.51,4230.93,22686.14,53029.13,16063.98,1776.51,4143.77,21984.26,7326.45,6792.58,3236.98,17356.0,39340.26,1998-01-01
1997,December,34847.12,24091.97,58939.09,25531.38,18458.56,43989.94,24050.48,3680.84,7115.8,34847.12,10230.63,9365.25,4496.09,24091.97,58939.09,17620.21,2625.28,5285.88,25531.38,7838.48,7175.19,3444.9,18458.56,43989.94,1997-12-01
1997,November,31623.79,23049.3,54673.09,23184.31,17704.23,40888.54,22568.0,2863.82,6191.97,31623.79,9733.14,9010.91,4305.25,23049.3,54673.09,16544.49,2081.42,4558.4,23184.3,7476.12,6921.12,3306.99,17704.23,40888.54,1997-11-01
1997,October,31674.05,24415.42,56089.48,23235.76,18800.98,42036.73,22785.41,2603.77,6284.87,31674.05,10394.29,9546.54,4474.6,24415.42,56089.48,16714.38,1935.15,4586.23,23235.76,8004.14,7351.07,3445.77,18800.98,42036.73,1997-10-01
1997,September,30239.88,23738.73,53978.61,22239.61,18326.23,40565.84,21893.8,2331.0,6015.08,30239.88,10083.46,9197.35,4457.92,23738.73,53978.61,16100.84,1740.79,4397.98,22239.61,7784.47,7100.14,3441.62,18326.23,40565.84,1997-09-01
1997,August,32064.1,25812.17,57876.27,23596.09,19977.56,43573.66,23325.53,2549.99,6188.58,32064.1,11063.93,10100.71,4647.53,25812.17,57876.27,17164.56,1876.69,4554.84,23596.09,8563.11,7817.32,3597.13,19977.56,43573.66,1997-08-01
1997,July,32142.13,25231.44,57373.57,23773.51,19565.39,43338.9,23477.04,2472.49,6192.6,32142.13,10600.75,9992.55,4638.13,25231.44,57373.57,17363.69,1850.92,4558.9,23773.51,8220.29,7748.39,3596.71,19565.39,43338.9,1997-07-01
1997,June,30735.56,24420.77,55156.33,22790.96,18997.23,41788.2,22185.45,2456.23,6093.87,30735.56,9992.53,9845.25,4582.99,24420.77,55156.33,16450.16,1822.96,4517.85,22790.96,7773.39,7658.54,3565.3,18997.23,41788.2,1997-06-01
1997,May,32327.06,25123.9,57450.97,23940.66,19581.71,43522.38,23613.38,2519.27,6194.41,32327.06,10509.64,10112.04,4502.22,25123.9,57450.97,17486.71,1862.78,4591.16,23940.66,8191.35,7881.17,3509.2,19581.72,43522.38,1997-05-01
1997,April,29875.14,23420.26,53295.39,22124.82,18265.57,40390.39,21674.88,2243.47,5956.79,29875.14,9831.41,9332.29,4256.56,23420.26,53295.39,16051.17,1659.43,4414.22,22124.82,7667.63,7278.1,3319.84,18265.57,40390.39,1997-04-01
1997,March,31442.48,23645.48,55087.97,23256.03,18464.87,41720.9,22932.37,2307.94,6202.18,31442.48,10093.29,9340.53,4211.67,23645.48,55087.97,16960.86,1695.07,4600.11,23256.03,7881.97,7293.87,3289.04,18464.87,41720.9,1997-03-01
1997,February,28029.09,21319.07,49348.16,20731.36,16690.96,37422.31,20259.81,1985.36,5783.92,28029.09,9094.3,8255.88,3968.89,21319.07,49348.16,14984.23,1475.41,4271.72,20731.36,7120.1,6463.46,3107.4,16690.96,37422.31,1997-02-01
1997,January,30199.9,21463.37,51663.27,22308.67,16836.39,39145.07,22190.75,2047.19,5961.95,30199.9,9153.22,8302.23,4007.92,21463.37,51663.27,16391.56,1544.59,4372.52,22308.67,7180.08,6512.3,3144.02,16836.4,39145.07,1997-01-01
