Year,Month,Food at home sales million nominal U.S. dollars with taxes and tips,Food away from home sales million nominal U.S. dollars with taxes and tips,Total food sales million nominal U.S. dollars with taxes and tips,Food at home sales million constant 1988 U.S. dollars with taxes and tips,Food away from home sales million constant 1988 U.S. dollars with taxes and tips,Total food sales million constant 1988 U.S. dollars with taxes and tips
2024,November,"95,656.09","114,435.81","210,091.91","36,217.51","37,323.76","73,541.27"
2024,October,"93,264.84","117,611.72","210,876.56","35,286.00","38,467.11","73,753.11"
2024,September,"88,347.26","113,183.13","201,530.38","33,472.50","37,106.51","70,579.02"
2024,August,"93,574.33","120,947.75","214,522.08","35,610.85","39,786.59","75,397.44"
2024,July,"92,725.62","118,376.29","211,101.91","35,260.13","39,042.41","74,302.53"
2024,June,"90,313.85","118,106.38","208,420.22","34,443.10","39,034.44","73,477.53"
2024,May,"93,815.94","121,491.02","215,306.95","35,787.24","40,319.00","76,106.24"
2024,April,"86,855.28","114,246.93","201,102.22","33,128.98","38,048.21","71,177.19"
2024,March,"91,166.20","118,069.45","209,235.66","34,805.28","39,457.90","74,263.19"
2024,February,"83,675.70","107,877.49","191,553.19","31,941.07","36,146.02","68,087.09"
2024,January,"86,140.25","103,589.03","189,729.28","32,928.42","34,742.27","67,670.69"
2023,December,"99,928.52","116,537.31","216,465.83","38,455.36","39,267.09","77,722.45"
2023,November,"92,102.15","107,247.69","199,349.84","35,417.95","36,255.38","71,673.33"
2023,October,"89,396.82","111,500.33","200,897.16","34,201.21","37,856.77","72,057.98"
2023,September,"87,172.37","110,354.03","197,526.41","33,444.88","37,607.60","71,052.48"
2023,August,"90,775.52","113,539.74","204,315.27","34,851.25","38,845.93","73,697.17"
2023,July,"89,600.30","114,571.88","204,172.19","34,429.64","39,333.93","73,763.58"
2023,June,"88,124.33","113,449.48","201,573.81","33,987.92","39,016.45","73,004.37"
2023,May,"90,478.08","114,286.88","204,764.95","34,872.65","39,455.13","74,327.78"
2023,April,"86,381.06","108,851.66","195,232.72","33,316.35","37,755.80","71,072.16"
2023,March,"87,007.13","111,494.99","198,502.13","33,603.39","38,815.55","72,418.94"
2023,February,"79,632.28","98,558.15","178,190.44","30,697.67","34,516.41","65,214.09"
2023,January,"84,500.28","100,769.74","185,270.03","32,687.50","35,514.73","68,202.23"
2022,December,"99,145.64","105,474.91","204,620.55","38,678.04","37,409.11","76,087.15"
2022,November,"92,002.51","98,143.88","190,146.38","35,988.27","34,940.49","70,928.77"
2022,October,"89,017.04","104,701.08","193,718.13","34,806.80","37,464.74","72,271.55"
2022,September,"85,113.60","101,175.04","186,288.64","33,463.30","36,542.46","70,005.76"
2022,August,"88,245.30","104,805.67","193,050.97","34,902.02","38,211.34","73,113.36"
2022,July,"88,896.27","105,655.08","194,551.34","35,403.70","38,854.68","74,258.39"
2022,June,"87,669.95","103,862.52","191,532.47","35,409.39","38,463.51","73,872.91"
2022,May,"87,698.59","105,795.77","193,494.36","35,784.02","39,549.79","75,333.81"
2022,April,"83,614.06","101,353.27","184,967.34","34,575.91","38,169.27","72,745.18"
2022,March,"84,560.60","99,254.84","183,815.44","35,412.73","37,596.29","73,009.03"
2022,February,"74,657.76","85,803.30","160,461.06","31,726.07","32,582.98","64,309.05"
2022,January,"80,653.91","83,571.13","164,225.03","34,762.48","31,875.30","66,637.79"
2021,December,"91,905.23","93,937.60","185,842.84","40,082.89","36,091.12","76,174.00"
2021,November,"84,605.19","88,694.48","173,299.66","37,061.29","34,280.95","71,342.23"
2021,October,"82,538.63","93,755.59","176,294.22","36,279.43","36,455.38","72,734.81"
2021,September,"77,963.79","89,692.89","167,656.69","34,631.62","35,166.79","69,798.41"
2021,August,"80,682.88","93,558.08","174,240.97","36,235.32","36,879.09","73,114.42"
2021,July,"80,514.59","96,014.84","176,529.42","36,271.85","38,008.84","74,280.69"
2021,June,"78,684.92","91,389.16","170,074.09","35,669.29","36,460.49","72,129.78"
2021,May,"80,074.32","90,803.30","170,877.63","36,568.48","36,483.76","73,052.23"
2021,April,"76,150.92","84,285.16","160,436.09","34,879.93","34,051.33","68,931.27"
2021,March,"78,380.17","81,722.20","160,102.38","36,117.78","33,117.05","69,234.83"
2021,February,"67,539.78","64,905.60","132,445.38","31,185.93","26,333.55","57,519.48"
2021,January,"73,674.02","67,843.37","141,517.39","34,100.54","27,539.94","61,640.47"
2020,December,"81,375.17","69,075.59","150,450.77","37,770.16","28,110.44","65,880.60"
2020,November,"75,228.64","67,697.91","142,926.56","35,035.23","27,652.88","62,688.11"
2020,October,"74,573.17","75,178.05","149,751.22","34,519.05","30,745.44","65,264.50"
2020,September,"71,205.23","71,986.12","143,191.34","33,034.55","29,520.61","62,555.16"
2020,August,"74,259.73","74,060.90","148,320.63","34,317.43","30,540.35","64,857.78"
2020,July,"75,781.51","71,869.09","147,650.59","34,991.43","29,720.82","64,712.25"
2020,June,"72,909.72","67,401.96","140,311.69","33,338.18","28,004.66","61,342.84"
2020,May,"76,341.51","56,462.11","132,803.63","35,074.47","23,580.72","58,655.20"
2020,April,"70,762.89","41,459.10","112,221.98","32,783.95","17,378.64","50,162.59"
2020,March,"81,128.83","63,041.38","144,170.22","38,591.22","26,463.93","65,055.16"
2020,February,"64,407.57","79,336.55","143,744.13","30,776.50","33,354.41","64,130.91"
2020,January,"66,694.53","78,630.00","145,324.53","31,993.04","33,131.00","65,124.04"
2019,December,"76,391.16","80,137.73","156,528.91","36,844.08","33,887.36","70,731.45"
2019,November,"71,434.13","76,664.18","148,098.31","34,456.68","32,511.40","66,968.09"
2019,October,"69,042.18","79,382.40","148,424.58","33,218.54","33,718.61","66,937.14"
2019,September,"65,714.18","77,048.77","142,762.95","31,721.64","32,789.67","64,511.32"
2019,August,"70,955.20","83,493.91","154,449.13","34,306.99","35,624.51","69,931.50"
2019,July,"69,756.05","82,140.03","151,896.08","33,698.41","35,122.63","68,821.03"
2019,June,"68,334.13","81,858.13","150,192.27","33,004.93","35,072.88","68,077.81"
2019,May,"70,657.63","83,091.39","153,749.02","34,023.16","35,717.10","69,740.25"
2019,April,"66,523.76","77,884.12","144,407.88","32,067.96","33,549.30","65,617.27"
2019,March,"67,861.91","80,589.18","148,451.09","32,621.73","34,826.71","67,448.45"
2019,February,"60,374.37","69,948.96","130,323.33","29,082.12","30,283.75","59,365.87"
2019,January,"65,672.92","70,216.17","135,889.09","31,723.00","30,507.10","62,230.11"
2018,December,"74,483.48","77,278.09","151,761.56","36,188.38","33,690.60","69,878.98"
2018,November,"69,216.00","72,488.95","141,704.95","33,718.63","31,729.09","65,447.73"
2018,October,"66,839.21","75,319.71","142,158.92","32,488.84","33,062.35","65,551.19"
2018,September,"64,531.78","73,341.89","137,873.67","31,335.51","32,223.77","63,559.29"
2018,August,"67,890.12","79,199.89","147,090.00","32,981.38","34,874.29","67,855.67"
2018,July,"66,790.40","78,526.99","145,317.39","32,473.50","34,643.48","67,116.98"
2018,June,"66,461.81","78,490.36","144,952.17","32,403.19","34,667.12","67,070.31"
2018,May,"68,179.04","78,598.73","146,777.78","33,222.50","34,778.16","68,000.66"
2018,April,"62,928.73","73,495.20","136,423.92","30,556.59","32,628.29","63,184.88"
2018,March,"67,607.81","76,631.04","144,238.84","32,961.92","34,102.48","67,064.41"
2018,February,"59,646.94","66,663.05","126,309.98","29,076.74","29,698.84","58,775.58"
2018,January,"62,937.86","66,709.29","129,647.14","30,599.38","29,791.68","60,391.05"
2017,December,"74,097.40","74,582.37","148,679.77","36,214.76","33,422.22","69,636.98"
2017,November,"66,767.44","68,112.59","134,880.03","32,656.37","30,597.14","63,253.51"
2017,October,"64,126.66","70,636.22","134,762.88","31,215.48","31,788.70","63,004.18"
2017,September,"62,962.15","69,590.96","132,553.11","30,701.81","31,353.63","62,055.44"
2017,August,"64,677.03","72,280.02","136,957.05","31,575.66","32,665.57","64,241.23"
2017,July,"64,063.23","72,464.58","136,527.81","31,261.60","32,855.40","64,117.00"
2017,June,"63,554.60","72,556.49","136,111.09","31,098.38","32,949.07","64,047.46"
2017,May,"65,007.36","73,825.38","138,832.73","31,720.86","33,537.43","65,258.29"
2017,April,"62,660.47","71,811.66","134,472.13","30,594.49","32,680.65","63,275.14"
2017,March,"63,544.79","73,583.05","137,127.84","31,099.33","33,561.64","64,660.97"
2017,February,"57,775.86","65,269.60","123,045.45","28,316.13","29,817.73","58,133.87"
2017,January,"60,599.96","65,878.68","126,478.64","29,769.43","30,157.86","59,927.29"
2016,December,"70,428.47","68,868.37","139,296.84","34,716.77","31,643.28","66,360.05"
2016,November,"63,173.58","64,155.52","127,329.11","31,079.33","29,522.95","60,602.27"
2016,October,"61,910.78","66,759.10","128,669.88","30,302.68","30,748.93","61,051.61"
2016,September,"59,799.20","65,188.07","124,987.27","29,272.22","30,065.91","59,338.14"
2016,August,"61,959.48","67,318.10","129,277.59","30,333.77","31,101.67","61,435.45"
2016,July,"62,595.57","68,431.98","131,027.55","30,629.88","31,688.17","62,318.05"
2016,June,"61,795.56","66,829.56","128,625.13","30,210.13","31,007.68","61,217.81"
2016,May,"62,690.64","68,922.52","131,613.16","30,529.39","32,034.29","62,563.68"
2016,April,"59,595.32","67,716.09","127,311.42","28,867.53","31,540.60","60,408.13"
2016,March,"61,662.94","67,289.35","128,952.29","29,907.10","31,418.00","61,325.10"
2016,February,"57,336.21","62,183.46","119,519.67","27,609.50","29,096.92","56,706.42"
2016,January,"59,247.32","60,660.45","119,907.77","28,535.08","28,423.69","56,958.76"
2015,December,"68,196.91","65,100.38","133,297.28","32,940.71","30,606.31","63,547.02"
2015,November,"61,707.09","60,059.74","121,766.83","29,699.54","28,268.37","57,967.91"
2015,October,"61,253.45","63,879.05","125,132.50","29,295.09","30,117.44","59,412.53"
2015,September,"58,667.54","60,426.21","119,093.74","28,098.35","28,548.40","56,646.75"
2015,August,"61,688.20","63,810.63","125,498.83","29,628.57","30,309.71","59,938.29"
2015,July,"62,269.64","63,947.84","126,217.47","30,000.89","30,439.46","60,440.35"
2015,June,"60,308.11","62,650.25","122,958.36","29,115.88","29,828.68","58,944.56"
2015,May,"62,750.74","65,814.71","128,565.45","30,354.85","31,399.63","61,754.48"
2015,April,"58,926.63","62,049.74","120,976.38","28,471.21","29,672.55","58,143.76"
2015,March,"60,499.68","63,002.16","123,501.84","29,197.00","30,201.39","59,398.39"
2015,February,"55,514.60","55,716.75","111,231.35","26,645.85","26,749.93","53,395.79"
2015,January,"59,277.50","57,333.36","116,610.86","28,426.57","27,600.26","56,026.83"
2014,December,"67,235.26","59,602.61","126,837.87","32,342.25","28,741.79","61,084.04"
2014,November,"62,026.61","56,027.73","118,054.34","29,945.54","27,086.63","57,032.17"
2014,October,"60,853.83","58,541.21","119,395.05","29,313.21","28,401.75","57,714.96"
2014,September,"57,909.64","55,407.71","113,317.36","27,957.70","26,938.36","54,896.06"
2014,August,"61,697.66","59,367.58","121,065.23","29,892.28","28,952.44","58,844.72"
2014,July,"60,980.64","58,025.80","119,006.44","29,656.13","28,365.19","58,021.32"
2014,June,"59,395.49","56,971.07","116,366.56","28,966.53","27,935.35","56,901.88"
2014,May,"62,166.04","59,879.86","122,045.89","30,272.50","29,420.03","59,692.54"
2014,April,"58,511.64","56,100.02","114,611.66","28,660.61","27,609.47","56,270.08"
2014,March,"59,176.77","57,774.91","116,951.67","29,124.62","28,509.32","57,633.95"
2014,February,"54,436.18","50,686.99","105,123.17","26,888.95","25,081.96","51,970.91"
2014,January,"57,589.19","50,934.43","108,523.62","28,538.01","25,276.89","53,814.89"
2013,December,"65,073.26","53,808.93","118,882.19","32,451.88","26,720.30","59,172.18"
2013,November,"60,026.00","52,059.82","112,085.81","29,955.71","25,886.55","55,842.26"
2013,October,"58,019.92","52,743.92","110,763.84","28,858.36","26,293.26","55,151.63"
2013,September,"55,517.21","50,383.22","105,900.44","27,657.56","25,148.76","52,806.32"
2013,August,"59,443.22","54,383.79","113,827.01","29,619.24","27,170.68","56,789.93"
2013,July,"58,298.19","53,141.50","111,439.70","29,099.43","26,593.88","55,693.31"
2013,June,"57,543.68","52,898.63","110,442.30","28,734.14","26,515.14","55,249.28"
2013,May,"59,515.63","54,559.73","114,075.36","29,743.92","27,389.92","57,133.84"
2013,April,"54,857.02","52,159.47","107,016.49","27,324.35","26,228.83","53,553.18"
2013,March,"59,125.32","54,316.38","113,441.70","29,488.82","27,407.02","56,895.84"
2013,February,"53,208.31","47,898.89","101,107.20","26,508.67","24,216.93","50,725.60"
2013,January,"55,276.72","48,279.25","103,555.97","27,514.83","24,431.23","51,946.06"
2012,December,"63,761.23","50,759.41","114,520.63","31,923.48","25,723.73","57,647.21"
2012,November,"58,348.94","47,747.74","106,096.68","29,289.91","24,229.85","53,519.76"
2012,October,"56,700.02","48,818.90","105,518.92","28,442.48","24,804.00","53,246.48"
2012,September,"54,933.66","48,097.48","103,031.14","27,656.48","24,455.52","52,111.99"
2012,August,"57,932.78","50,665.15","108,597.94","29,154.68","25,815.81","54,970.48"
2012,July,"56,545.70","50,258.39","106,804.09","28,506.09","25,685.91","54,192.00"
2012,June,"56,663.18","50,428.96","107,092.14","28,539.52","25,827.05","54,366.58"
2012,May,"58,159.79","50,811.12","108,970.91","29,292.94","26,086.06","55,379.00"
2012,April,"55,226.50","48,846.31","104,072.81","27,792.38","25,137.41","52,929.79"
2012,March,"57,299.78","50,723.55","108,023.33","28,876.63","26,172.26","55,048.88"
2012,February,"53,543.80","45,901.84","99,445.65","27,007.47","23,731.61","50,739.08"
2012,January,"53,531.81","44,638.38","98,170.19","26,941.52","23,111.24","50,052.77"
2011,December,"60,969.98","47,875.32","108,845.30","30,921.50","24,877.09","55,798.59"
2011,November,"54,764.13","44,371.71","99,135.84","27,847.04","23,094.85","50,941.89"
2011,October,"53,421.18","46,953.96","100,375.15","27,067.87","24,500.33","51,568.20"
2011,September,"51,913.54","45,953.94","97,867.48","26,356.29","24,022.46","50,378.75"
2011,August,"54,037.14","47,686.68","101,723.83","27,600.83","24,983.90","52,584.73"
2011,July,"54,356.04","48,577.97","102,934.00","27,942.73","25,553.39","53,496.13"
2011,June,"53,350.04","47,246.28","100,596.32","27,583.99","24,904.82","52,488.82"
2011,May,"53,985.59","47,958.21","101,943.80","27,941.33","25,345.47","53,286.80"
2011,April,"52,989.12","46,445.39","99,434.52","27,562.94","24,590.66","52,153.61"
2011,March,"52,509.66","46,622.31","99,131.97","27,411.71","24,770.46","52,182.17"
2011,February,"48,123.74","41,742.23","89,865.97","25,370.68","22,243.25","47,613.93"
2011,January,"50,294.93","41,467.34","91,762.27","26,662.96","22,137.93","48,800.89"
2010,December,"58,440.20","44,413.98","102,854.17","31,410.83","23,756.07","55,166.90"
2010,November,"52,011.22","41,771.79","93,783.02","28,009.18","22,363.45","50,372.63"
2010,October,"50,682.61","44,332.12","95,014.73","27,273.54","23,757.67","51,031.20"
2010,September,"48,924.76","42,482.82","91,407.59","26,393.00","22,787.88","49,180.89"
2010,August,"50,499.04","44,995.25","95,494.29","27,340.79","24,205.16","51,545.95"
2010,July,"51,283.70","45,754.82","97,038.52","27,781.87","24,691.42","52,473.29"
2010,June,"49,860.47","44,101.64","93,962.11","26,997.70","23,790.11","50,787.81"
2010,May,"51,718.05","45,259.38","96,977.42","27,947.45","24,438.88","52,386.34"
2010,April,"49,234.41","43,619.69","92,854.09","26,612.24","23,584.54","50,196.79"
2010,March,"50,461.34","43,619.83","94,081.16","27,289.84","23,614.50","50,904.34"
2010,February,"46,614.12","39,391.18","86,005.30","25,268.42","21,316.71","46,585.13"
2010,January,"48,804.88","39,765.86","88,570.73","26,420.85","21,535.25","47,956.10"
2009,December,"56,615.44","42,162.91","98,778.36","30,927.94","22,845.90","53,773.84"
2009,November,"50,257.07","39,872.64","90,129.72","27,524.54","21,619.92","49,144.46"
2009,October,"49,870.07","42,476.04","92,346.11","27,211.70","23,073.56","50,285.26"
2009,September,"47,514.62","40,837.28","88,351.89","25,972.40","22,205.25","48,177.65"
2009,August,"49,856.13","43,661.74","93,517.88","27,189.20","23,775.86","50,965.06"
2009,July,"50,226.29","43,961.34","94,187.63","27,379.15","23,974.38","51,353.53"
2009,June,"48,935.08","42,996.16","91,931.25","26,550.00","23,467.14","50,017.14"
2009,May,"50,824.38","44,670.96","95,495.34","27,541.21","24,396.54","51,937.75"
2009,April,"48,003.07","41,936.40","89,939.48","25,928.59","22,915.22","48,843.80"
2009,March,"47,772.88","42,451.01","90,223.89","25,646.53","23,268.34","48,914.87"
2009,February,"44,712.04","38,922.22","83,634.26","23,862.76","21,357.97","45,220.73"
2009,January,"48,316.64","40,361.54","88,678.19","25,627.53","22,212.72","47,840.25"
2008,December,"54,726.71","42,220.46","96,947.17","29,180.39","23,299.64","52,480.03"
2008,November,"50,406.08","40,784.96","91,191.03","26,827.18","22,573.01","49,400.20"
2008,October,"50,143.20","43,045.61","93,188.81","26,617.53","23,906.01","50,523.55"
2008,September,"48,405.48","41,744.29","90,149.77","25,816.27","23,296.44","49,112.71"
2008,August,"51,999.56","45,473.82","97,473.38","27,907.99","25,513.66","53,421.65"
2008,July,"51,913.52","44,701.65","96,615.17","28,052.14","25,160.05","53,212.20"
2008,June,"50,562.02","43,843.43","94,405.45","27,656.87","24,833.21","52,490.08"
2008,May,"52,749.20","45,597.09","98,346.29","29,031.36","25,952.99","54,984.36"
2008,April,"48,147.17","42,481.59","90,628.76","26,625.75","24,280.02","50,905.77"
2008,March,"50,050.71","43,104.04","93,154.75","28,030.45","24,699.07","52,729.52"
2008,February,"46,829.27","40,185.10","87,014.36","26,210.44","23,098.10","49,308.54"
2008,January,"47,994.55","39,643.91","87,638.46","26,907.35","22,874.26","49,781.61"
2007,December,"56,320.32","43,440.43","99,760.75","32,015.59","25,170.77","57,186.36"
2007,November,"50,373.22","40,575.76","90,948.98","28,699.68","23,553.34","52,253.03"
2007,October,"48,018.39","42,067.64","90,086.03","27,413.21","24,486.91","51,900.13"
2007,September,"46,545.07","41,153.94","87,699.02","26,721.18","24,008.98","50,730.16"
2007,August,"49,037.05","43,788.14","92,825.20","28,300.42","25,674.75","53,975.16"
2007,July,"48,281.25","43,350.02","91,631.27","27,964.53","25,519.20","53,483.73"
2007,June,"48,293.04","43,311.53","91,604.57","28,034.14","25,619.97","53,654.12"
2007,May,"49,217.07","43,019.67","92,236.73","28,658.39","25,534.25","54,192.64"
2007,April,"45,877.94","40,933.30","86,811.24","26,890.44","24,356.18","51,246.62"
2007,March,"47,605.98","42,569.04","90,175.02","27,938.95","25,409.28","53,348.23"
2007,February,"43,137.86","37,301.48","80,439.34","25,389.90","22,283.98","47,673.88"
2007,January,"45,174.34","37,879.09","83,053.43","26,794.28","22,711.25","49,505.53"
2006,December,"53,431.80","42,129.62","95,561.42","32,069.95","25,379.96","57,449.91"
2006,November,"47,127.01","37,971.30","85,098.31","28,285.79","22,942.96","51,228.75"
2006,October,"45,551.51","39,817.29","85,368.80","27,228.06","24,118.16","51,346.22"
2006,September,"44,532.55","39,479.48","84,012.02","26,756.13","23,985.11","50,741.23"
2006,August,"46,763.01","41,184.99","87,948.00","28,241.74","25,058.76","53,300.50"
2006,July,"46,403.66","40,888.50","87,292.17","28,097.47","24,940.65","53,038.12"
2006,June,"45,877.19","40,295.98","86,173.17","27,836.50","24,640.92","52,477.43"
2006,May,"46,704.68","40,468.17","87,172.86","28,382.90","24,808.49","53,191.39"
2006,April,"44,427.37","39,195.18","83,622.55","27,055.34","24,113.05","51,168.39"
2006,March,"44,838.62","39,817.33","84,655.95","27,192.19","24,545.38","51,737.57"
2006,February,"41,016.03","35,478.48","76,494.52","24,835.25","21,915.06","46,750.32"
2006,January,"42,609.71","36,348.55","78,958.27","25,693.50","22,521.03","48,214.53"
2005,December,"51,265.67","39,044.90","90,310.58","31,185.88","24,270.08","55,455.96"
2005,November,"45,007.79","36,051.45","81,059.24","27,479.44","22,455.20","49,934.63"
2005,October,"44,383.02","37,852.28","82,235.30","27,126.39","23,625.18","50,751.57"
2005,September,"43,176.98","36,779.91","79,956.89","26,500.38","23,026.65","49,527.03"
2005,August,"44,208.09","38,645.21","82,853.30","27,204.83","24,244.29","51,449.12"
2005,July,"44,347.86","39,285.79","83,633.66","27,247.71","24,722.54","51,970.24"
2005,June,"43,425.41","37,840.86","81,266.28","26,737.30","23,862.55","50,599.84"
2005,May,"43,836.21","38,102.10","81,938.31","26,862.58","24,102.14","50,964.72"
2005,April,"41,869.89","37,378.07","79,247.96","25,725.22","23,705.68","49,430.90"
2005,March,"43,172.02","36,620.95","79,792.97","26,764.99","23,273.97","50,038.96"
2005,February,"38,731.16","33,418.23","72,149.38","24,024.60","21,271.81","45,296.41"
2005,January,"40,937.11","33,494.39","74,431.50","25,271.94","21,387.34","46,659.28"
2004,December,"48,269.58","36,644.27","84,913.84","29,865.04","23,507.72","53,372.77"
2004,November,"42,400.99","33,847.98","76,248.97","26,289.86","21,748.23","48,038.09"
2004,October,"41,751.41","35,999.58","77,750.99","25,914.66","23,155.12","49,069.77"
2004,September,"40,167.03","34,339.57","74,506.60","25,172.38","22,145.86","47,318.24"
2004,August,"40,997.13","36,269.70","77,266.83","25,610.03","23,452.68","49,062.71"
2004,July,"42,138.70","37,282.50","79,421.20","26,266.87","24,184.60","50,451.47"
2004,June,"40,530.02","35,455.91","75,985.92","25,304.68","23,098.11","48,402.80"
2004,May,"41,984.56","36,048.93","78,033.50","26,240.92","23,522.18","49,763.10"
2004,April,"39,958.45","34,605.58","74,564.03","25,313.71","22,641.02","47,954.73"
2004,March,"39,871.13","34,784.18","74,655.30","25,230.98","22,806.86","48,037.84"
2004,February,"37,601.70","32,232.23","69,833.93","23,833.65","21,167.81","45,001.46"
2004,January,"39,547.52","32,030.77","71,578.30","25,067.01","21,103.77","46,170.77"
2003,December,"44,563.13","33,621.41","78,184.54","28,232.80","22,223.81","50,456.61"
2003,November,"40,217.45","32,196.00","72,413.45","25,717.08","21,339.50","47,056.59"
2003,October,"39,560.23","33,527.94","73,088.17","25,422.26","22,282.93","47,705.20"
2003,September,"37,744.30","31,922.31","69,666.61","24,443.86","21,273.84","45,717.71"
2003,August,"40,202.90","35,497.43","75,700.33","26,094.05","23,682.31","49,776.36"
2003,July,"39,882.07","34,405.74","74,287.81","26,001.56","22,991.75","48,993.32"
2003,June,"38,301.95","33,469.90","71,771.86","24,971.39","22,415.56","47,386.95"
2003,May,"40,091.98","34,387.58","74,479.56","26,300.13","23,080.91","49,381.04"
2003,April,"37,798.99","31,616.06","69,415.05","24,865.86","21,267.54","46,133.40"
2003,March,"38,462.74","32,420.19","70,882.94","25,245.56","21,820.51","47,066.07"
2003,February,"35,335.12","28,760.56","64,095.68","23,205.76","19,389.52","42,595.28"
2003,January,"37,513.23","29,299.46","66,812.69","24,761.67","19,840.67","44,602.34"
2002,December,"42,464.04","31,628.23","74,092.27","28,118.15","21,390.96","49,509.11"
2002,November,"39,073.24","30,235.79","69,309.03","25,961.33","20,483.34","46,444.67"
2002,October,"37,632.63","30,893.88","68,526.52","25,061.28","20,952.47","46,013.75"
2002,September,"35,787.06","30,162.41","65,949.47","23,818.63","20,502.04","44,320.67"
2002,August,"38,578.67","33,151.36","71,730.03","25,720.67","22,584.10","48,304.77"
2002,July,"38,061.45","32,291.31","70,352.77","25,332.38","22,035.18","47,367.56"
2002,June,"37,336.98","32,009.23","69,346.21","24,878.60","21,879.46","46,758.06"
2002,May,"38,856.40","32,145.94","71,002.34","25,817.27","22,047.13","47,864.40"
2002,April,"35,535.63","30,585.34","66,120.96","23,490.39","21,024.16","44,514.54"
2002,March,"37,912.51","31,216.18","69,128.69","25,075.81","21,469.91","46,545.72"
2002,February,"33,687.45","27,946.89","61,634.34","22,319.29","19,232.22","41,551.50"
2002,January,"35,620.32","28,082.40","63,702.72","23,573.10","19,391.20","42,964.30"
2001,December,"42,159.65","30,674.92","72,834.57","28,139.21","21,225.14","49,364.36"
2001,November,"37,890.88","28,571.00","66,461.88","25,290.05","19,791.85","45,081.90"
2001,October,"36,828.62","29,478.15","66,306.77","24,510.89","20,443.52","44,954.41"
2001,September,"35,935.67","28,825.45","64,761.12","24,040.09","20,047.94","44,088.04"
2001,August,"37,814.94","31,682.29","69,497.23","25,311.81","22,085.32","47,397.13"
2001,July,"36,964.18","31,036.47","68,000.65","24,785.02","21,709.68","46,494.70"
2001,June,"37,058.88","30,955.08","68,013.96","24,934.55","21,715.11","46,649.66"
2001,May,"37,868.93","30,640.94","68,509.87","25,553.31","21,556.83","47,110.14"
2001,April,"35,561.35","28,965.16","64,526.51","24,079.80","20,425.07","44,504.88"
2001,March,"36,456.29","29,929.70","66,385.99","24,714.50","21,154.22","45,868.72"
2001,February,"32,983.29","26,699.99","59,683.27","22,386.11","18,926.39","41,312.50"
2001,January,"34,704.89","26,931.77","61,636.66","23,623.33","19,135.24","42,758.58"
2000,December,"41,249.27","29,009.47","70,258.73","28,265.70","20,687.15","48,952.85"
2000,November,"36,397.61","27,571.05","63,968.66","25,148.00","19,707.54","44,855.55"
2000,October,"35,167.97","28,926.35","64,094.32","24,255.31","20,688.43","44,943.75"
2000,September,"34,841.88","28,690.92","63,532.80","24,044.63","20,556.26","44,600.89"
2000,August,"35,841.72","29,792.33","65,634.05","24,749.27","21,408.36","46,157.63"
2000,July,"35,788.01","30,050.31","65,838.32","24,800.28","21,644.82","46,445.10"
2000,June,"35,502.83","29,565.99","65,068.82","24,749.71","21,359.13","46,108.84"
2000,May,"35,514.36","29,276.43","64,790.80","24,728.20","21,187.65","45,915.84"
2000,April,"34,074.71","28,393.29","62,468.00","23,868.28","20,572.96","44,441.23"
2000,March,"34,594.65","28,679.63","63,274.28","24,247.04","20,805.19","45,052.23"
2000,February,"31,729.70","26,327.67","58,057.37","22,252.40","19,133.18","41,385.58"
2000,January,"31,962.86","25,514.63","57,477.48","22,415.91","18,586.67","41,002.59"
1999,December,"40,263.52","27,511.19","67,774.71","28,389.60","20,092.27","48,481.87"
1999,November,"34,179.58","25,940.98","60,120.55","24,143.63","18,979.63","43,123.27"
1999,October,"33,975.56","27,526.75","61,502.31","23,999.52","20,176.21","44,175.73"
1999,September,"33,334.45","26,040.08","59,374.53","23,632.54","19,132.58","42,765.12"
1999,August,"33,813.15","27,575.90","61,389.05","24,030.35","20,285.46","44,315.82"
1999,July,"34,908.82","28,039.04","62,947.86","24,869.64","20,688.63","45,558.27"
1999,June,"33,371.66","27,000.51","60,372.16","23,774.54","19,982.86","43,757.41"
1999,May,"34,271.98","27,447.36","61,719.34","24,386.15","20,313.57","44,699.73"
1999,April,"32,492.09","26,319.66","58,811.75","23,176.23","19,490.81","42,667.05"
1999,March,"32,974.88","25,850.55","58,825.43","23,535.00","19,178.40","42,713.40"
1999,February,"29,634.78","23,667.63","53,302.41","21,099.44","17,601.78","38,701.21"
1999,January,"31,416.61","23,820.46","55,237.06","22,299.99","17,747.94","40,047.94"
1998,December,"36,784.93","25,938.42","62,723.35","26,389.35","19,381.53","45,770.88"
1998,November,"32,376.12","24,478.38","56,854.50","23,240.78","18,335.56","41,576.34"
1998,October,"32,726.56","26,172.46","58,899.02","23,492.34","19,640.75","43,133.09"
1998,September,"31,238.89","24,860.14","56,099.03","22,605.28","18,678.96","41,284.23"
1998,August,"32,453.15","26,549.22","59,002.37","23,454.85","20,022.18","43,477.03"
1998,July,"33,131.73","26,469.79","59,601.52","24,034.63","20,011.84","44,046.47"
1998,June,"31,684.14","25,880.12","57,564.26","23,027.47","19,614.74","42,642.20"
1998,May,"32,653.27","26,445.89","59,099.16","23,702.28","20,056.03","43,758.31"
1998,April,"31,116.51","24,711.92","55,828.43","22,657.27","18,787.81","41,445.09"
1998,March,"30,671.49","24,639.52","55,311.00","22,333.23","18,767.91","41,101.14"
1998,February,"28,064.53","22,345.57","50,410.09","20,460.54","17,052.60","37,513.14"
1998,January,"30,342.99","22,686.14","53,029.13","21,984.26","17,356.00","39,340.26"
1997,December,"34,847.12","24,091.97","58,939.09","25,531.38","18,458.56","43,989.94"
1997,November,"31,623.79","23,049.30","54,673.09","23,184.31","17,704.23","40,888.54"
1997,October,"31,674.05","24,415.42","56,089.48","23,235.76","18,800.98","42,036.73"
1997,September,"30,239.88","23,738.73","53,978.61","22,239.61","18,326.23","40,565.84"
1997,August,"32,064.10","25,812.17","57,876.27","23,596.09","19,977.56","43,573.66"
1997,July,"32,142.13","25,231.44","57,373.57","23,773.51","19,565.39","43,338.90"
1997,June,"30,735.56","24,420.77","55,156.33","22,790.96","18,997.23","41,788.20"
1997,May,"32,327.06","25,123.90","57,450.97","23,940.66","19,581.71","43,522.38"
1997,April,"29,875.14","23,420.26","53,295.39","22,124.82","18,265.57","40,390.39"
1997,March,"31,442.48","23,645.48","55,087.97","23,256.03","18,464.87","41,720.90"
1997,February,"28,029.09","21,319.07","49,348.16","20,731.36","16,690.96","37,422.31"
1997,January,"30,199.90","21,463.37","51,663.27","22,308.67","16,836.39","39,145.07"
