Year,Month,Grocery stores sales million nominal U.S. dollars with taxes and tips,Warehouse clubs and supercenters sales million nominal U.S. dollars with taxes and tips,Other food at home sales million nominal U.S. dollars with taxes and tips,Total food at home sales million nominal U.S. dollars with taxes and tips,Full-service restaurants sales million nominal U.S. dollars with taxes and tips,Limited-service restaurants sales million nominal U.S. dollars with taxes and tips,Other food away from home sales million nominal U.S. dollars with taxes and tips,Total food away from home sales million nominal U.S. dollars with taxes and tips,Total nominal U.S. dollars food sales with taxes and tips,Grocery stores sales million constant 1988 U.S. dollars with taxes and tips,Warehouse clubs and supercenters sales million constant 1988 U.S. dollars with taxes and tips,Other food at home sales million constant 1988 U.S. dollars with taxes and tips,Total food at home sales million constant 1988 U.S. dollars with taxes and tips,Full-service restaurants sales million constant 1988 U.S. dollars with taxes and tips,Limited-service restaurants sales million constant 1988 U.S. dollars with taxes and tips,Other food away from home sales million constant 1988 U.S. dollars with taxes and tips,Total food away from home sales million constant 1988 U.S. dollars with taxes and tips,Total food sales million constant 1988 U.S. dollars with taxes and tips
2023,December,"51,628.40","25,028.96","23,271.16","99,928.52","47,406.62","44,485.76","24,644.93","116,537.31","216,465.83","19,867.56","9,632.17","8,955.63","38,455.36","15,974.15","14,989.14","8,303.80","39,267.09","77,722.45"
2023,November,"49,031.77","21,150.10","21,920.28","92,102.15","41,488.79","41,899.89","23,859.01","107,247.69","199,349.84","18,854.70","8,133.55","8,429.70","35,417.95","14,025.89","14,164.12","8,065.38","36,255.39","71,673.34"
2023,October,"47,988.36","20,387.58","21,020.88","89,396.82","43,013.04","44,108.90","24,378.39","111,500.33","200,897.16","18,358.77","7,800.08","8,042.36","34,201.21","14,604.36","14,975.65","8,276.76","37,856.77","72,057.98"
2023,September,"47,388.03","19,592.93","20,191.41","87,172.37","42,467.24","43,547.86","24,338.93","110,354.03","197,526.41","18,180.59","7,517.34","7,746.95","33,444.88","14,472.93","14,840.42","8,294.25","37,607.60","71,052.48"
2023,August,"48,744.54","21,026.62","21,004.37","90,775.52","43,636.95","45,221.39","24,681.41","113,539.74","204,315.27","18,713.88","8,072.96","8,064.40","34,851.25","14,930.25","15,471.54","8,444.14","38,845.93","73,697.17"
2023,July,"48,813.97","20,421.07","20,365.27","89,600.30","44,302.26","46,096.48","24,173.14","114,571.88","204,172.19","18,756.66","7,847.21","7,825.77","34,429.64","15,210.04","15,825.20","8,298.70","39,333.94","73,763.58"
2023,June,"47,605.15","20,176.49","20,342.69","88,124.33","43,797.39","45,262.91","24,389.19","113,449.48","201,573.81","18,359.94","7,781.95","7,846.04","33,987.92","15,062.89","15,566.10","8,387.46","39,016.45","73,004.38"
2023,May,"49,074.65","20,559.77","20,843.66","90,478.08","44,086.08","45,488.59","24,712.20","114,286.88","204,764.95","18,914.17","7,924.54","8,033.95","34,872.65","15,220.31","15,703.69","8,531.13","39,455.13","74,327.78"
2023,April,"47,032.06","19,801.32","19,547.69","86,381.06","41,432.73","43,568.09","23,850.84","108,851.66","195,232.72","18,139.33","7,637.42","7,539.60","33,316.35","14,371.67","15,111.56","8,272.58","37,755.80","71,072.16"
2023,March,"47,929.82","19,002.95","20,074.37","87,007.13","43,410.64","44,129.13","23,955.22","111,494.99","198,502.13","18,510.68","7,339.44","7,753.27","33,603.39","15,113.38","15,362.71","8,339.47","38,815.55","72,418.94"
2023,February,"43,862.33","17,723.52","18,046.43","79,632.28","38,553.87","38,115.30","21,888.98","98,558.15","178,190.44","16,908.16","6,832.51","6,957.00","30,697.67","13,502.56","13,348.26","7,665.60","34,516.42","65,214.09"
2023,January,"47,222.64","18,447.13","18,830.52","84,500.28","39,739.63","39,078.74","21,951.38","100,769.74","185,270.03","18,266.79","7,136.19","7,284.52","32,687.50","14,006.10","13,772.44","7,736.19","35,514.73","68,202.23"
2022,December,"51,541.02","24,811.11","22,793.51","99,145.64","42,056.53","39,994.66","23,423.71","105,474.91","204,620.55","20,098.40","9,686.28","8,893.35","38,678.04","14,917.19","14,182.81","8,309.12","37,409.12","76,087.16"
2022,November,"48,674.98","21,745.63","21,581.90","92,002.51","37,285.16","38,237.89","22,620.83","98,143.88","190,146.38","19,032.01","8,512.42","8,443.83","35,988.27","13,274.78","13,611.05","8,054.66","34,940.49","70,928.77"
2022,October,"48,054.84","20,348.12","20,614.08","89,017.04","40,503.50","40,966.72","23,230.86","104,701.08","193,718.13","18,782.17","7,962.24","8,062.39","34,806.80","14,494.04","14,656.65","8,314.05","37,464.74","72,271.55"
2022,September,"46,398.61","19,036.79","19,678.19","85,113.60","39,008.82","39,548.24","22,617.97","101,175.03","186,288.63","18,234.44","7,490.03","7,738.83","33,463.30","14,090.05","14,281.82","8,170.58","36,542.46","70,005.76"
2022,August,"47,423.64","20,085.37","20,736.30","88,245.30","40,289.66","41,757.86","22,758.16","104,805.67","193,050.97","18,748.71","7,949.85","8,203.46","34,902.02","14,690.16","15,222.21","8,298.98","38,211.34","73,113.36"
2022,July,"48,060.38","20,028.61","20,807.28","88,896.27","40,298.70","42,392.69","22,963.69","105,655.08","194,551.34","19,132.42","7,982.45","8,288.83","35,403.70","14,820.72","15,587.48","8,446.48","38,854.69","74,258.39"
2022,June,"46,881.71","19,816.30","20,971.94","87,669.95","39,360.72","41,218.30","23,283.50","103,862.52","191,532.47","18,927.31","8,009.59","8,472.49","35,409.39","14,577.35","15,262.02","8,624.14","38,463.52","73,872.91"
2022,May,"47,109.42","19,360.86","21,228.31","87,698.59","41,103.55","41,431.34","23,260.88","105,795.77","193,494.34","19,214.18","7,905.72","8,664.12","35,784.02","15,366.70","15,485.91","8,697.18","39,549.79","75,333.81"
2022,April,"45,050.38","18,558.23","20,005.45","83,614.06","39,681.32","39,490.43","22,181.52","101,353.27","184,967.34","18,621.32","7,679.82","8,274.77","34,575.91","14,944.72","14,869.62","8,354.94","38,169.28","72,745.19"
2022,March,"45,329.30","19,464.56","19,766.74","84,560.60","38,732.33","38,963.72","21,558.78","99,254.84","183,815.44","18,975.28","8,157.48","8,279.97","35,412.73","14,672.10","14,756.58","8,167.61","37,596.30","73,009.03"
2022,February,"41,238.91","16,196.24","17,222.61","74,657.76","33,466.21","33,360.46","18,976.62","85,803.30","160,461.06","17,517.26","6,887.72","7,321.09","31,726.07","12,709.22","12,666.33","7,207.43","32,582.99","64,309.06"
2022,January,"45,207.49","17,898.54","17,547.88","80,653.91","31,322.49","33,597.05","18,651.58","83,571.13","164,225.03","19,476.61","7,720.10","7,565.77","34,762.48","11,947.58","12,812.42","7,115.31","31,875.31","66,637.79"
2021,December,"47,950.48","22,388.77","21,565.99","91,905.23","36,675.64","36,104.12","21,157.84","93,937.59","185,842.83","20,905.85","9,767.70","9,409.33","40,082.89","14,097.27","13,860.87","8,132.97","36,091.12","76,174.00"
2021,November,"44,845.72","19,951.54","19,807.92","84,605.19","33,605.09","34,490.64","20,598.74","88,694.47","173,299.66","19,638.16","8,742.66","8,680.47","37,061.29","12,994.45","13,320.80","7,965.69","34,280.95","71,342.23"
2021,October,"45,141.34","18,860.71","18,536.58","82,538.63","36,389.04","36,190.33","21,176.21","93,755.59","176,294.22","19,835.07","8,292.87","8,151.49","36,279.43","14,155.71","14,061.44","8,238.23","36,455.38","72,734.81"
2021,September,"43,415.01","17,100.66","17,448.12","77,963.79","34,359.95","34,779.07","20,553.87","89,692.88","167,656.67","19,278.62","7,598.65","7,754.35","34,631.62","13,477.95","13,625.91","8,062.92","35,166.78","69,798.41"
2021,August,"44,251.68","18,532.24","17,898.95","80,682.87","36,188.97","36,770.37","20,598.73","93,558.07","174,240.94","19,867.20","8,325.73","8,042.39","36,235.32","14,271.57","14,483.38","8,124.15","36,879.09","73,114.41"
2021,July,"44,612.14","18,239.56","17,662.88","80,514.59","38,093.55","38,003.89","19,917.39","96,014.83","176,529.41","20,091.13","8,219.64","7,961.07","36,271.85","15,086.70","15,033.06","7,889.08","38,008.84","74,280.69"
2021,June,"43,088.70","17,766.57","17,829.65","78,684.92","35,869.82","36,393.61","19,125.73","91,389.16","170,074.08","19,526.42","8,056.57","8,086.30","35,669.29","14,317.05","14,508.61","7,634.82","36,460.48","72,129.77"
2021,May,"44,096.89","18,231.94","17,745.49","80,074.32","35,736.45","36,501.10","18,565.74","90,803.29","170,877.61","20,131.57","8,328.94","8,107.96","36,568.48","14,365.01","14,654.70","7,464.05","36,483.76","73,052.23"
2021,April,"41,284.28","17,329.37","17,537.27","76,150.92","31,629.91","35,378.27","17,276.98","84,285.16","160,436.08","18,903.46","7,940.12","8,036.36","34,879.93","12,784.32","14,282.11","6,984.90","34,051.32","68,931.26"
2021,March,"42,040.77","18,802.71","17,536.70","78,380.17","30,047.31","34,948.30","16,726.57","81,722.19","160,102.36","19,366.08","8,667.20","8,084.50","36,117.78","12,181.87","14,151.76","6,783.41","33,117.04","69,234.82"
2021,February,"38,435.40","14,551.41","14,552.97","67,539.78","22,728.75","27,633.39","14,543.46","64,905.60","132,445.38","17,741.35","6,721.21","6,723.37","31,185.93","9,225.70","11,203.00","5,904.85","26,333.55","57,519.47"
2021,January,"42,251.33","16,272.02","15,150.68","73,674.02","22,626.22","30,476.12","14,741.01","67,843.36","141,517.38","19,549.85","7,534.11","7,016.58","34,100.54","9,188.91","12,361.98","5,989.04","27,539.94","61,640.47"
2020,December,"43,523.36","20,162.04","17,689.78","81,375.17","21,911.80","30,536.64","16,627.15","69,075.59","150,450.77","20,200.06","9,296.90","8,273.19","37,770.16","8,914.75","12,430.78","6,764.91","28,110.44","65,880.60"
2020,November,"41,555.76","17,976.42","15,696.46","75,228.64","22,342.67","29,070.47","16,284.77","67,697.91","142,926.55","19,352.02","8,361.82","7,321.39","35,035.23","9,124.06","11,878.21","6,650.61","27,652.88","62,688.11"
2020,October,"41,501.35","17,059.70","16,012.12","74,573.17","25,885.22","31,939.03","17,353.81","75,178.05","149,751.22","19,209.32","7,903.31","7,406.42","34,519.05","10,583.50","13,066.08","7,095.86","30,745.44","65,264.49"
2020,September,"40,157.03","15,727.65","15,320.55","71,205.23","24,502.23","30,674.52","16,809.38","71,986.13","143,191.34","18,629.08","7,293.39","7,112.08","33,034.54","10,045.47","12,583.12","6,892.03","29,520.61","62,555.16"
2020,August,"41,648.73","17,042.64","15,568.36","74,259.73","25,259.04","32,027.52","16,774.34","74,060.90","148,320.63","19,245.83","7,862.72","7,208.88","34,317.43","10,413.33","13,211.20","6,915.82","30,540.35","64,857.78"
2020,July,"43,255.45","16,702.55","15,823.51","75,781.51","23,506.37","32,228.16","16,134.56","71,869.09","147,650.59","19,971.59","7,709.77","7,310.07","34,991.43","9,718.34","13,331.78","6,670.70","29,720.82","64,712.25"
2020,June,"41,396.67","16,287.94","15,225.09","72,909.70","21,947.48","30,671.43","14,783.05","67,401.96","140,311.66","18,927.59","7,448.39","6,962.19","33,338.17","9,116.55","12,747.53","6,140.59","28,004.66","61,342.84"
2020,May,"44,432.43","16,956.31","14,952.77","76,341.51","15,035.61","28,180.47","13,246.03","56,462.11","132,803.63","20,412.86","7,798.80","6,862.81","35,074.47","6,277.82","11,772.87","5,530.03","23,580.72","58,655.20"
2020,April,"42,044.05","15,352.08","13,366.77","70,762.90","8,819.56","21,206.61","11,432.94","41,459.11","112,222.00","19,477.51","7,150.25","6,156.18","32,783.95","3,695.99","8,892.04","4,790.62","17,378.65","50,162.59"
2020,March,"48,273.96","17,736.13","15,118.75","81,128.84","20,722.21","25,804.75","16,514.43","63,041.38","144,170.22","22,961.47","8,481.36","7,148.40","38,591.22","8,696.66","10,835.83","6,931.44","26,463.93","65,055.16"
2020,February,"36,046.90","14,528.31","13,832.36","64,407.57","31,908.59","28,971.69","18,456.26","79,336.55","143,744.13","17,223.59","6,938.34","6,614.57","30,776.50","13,411.45","12,183.94","7,759.02","33,354.41","64,130.91"
2020,January,"38,000.73","14,479.46","14,214.35","66,694.53","30,865.01","29,032.40","18,732.59","78,630.00","145,324.53","18,227.65","6,953.32","6,812.07","31,993.04","13,001.71","12,236.67","7,892.62","33,131.00","65,124.04"
2019,December,"40,014.42","19,839.37","16,537.38","76,391.16","31,535.13","29,799.51","18,803.09","80,137.73","156,528.91","19,299.18","9,474.34","8,070.56","36,844.08","13,334.61","12,601.04","7,951.71","33,887.36","70,731.45"
2019,November,"38,875.25","17,611.02","14,947.86","71,434.13","28,963.89","29,133.09","18,567.20","76,664.19","148,098.31","18,751.62","8,473.76","7,231.30","34,456.68","12,282.45","12,354.54","7,874.42","32,511.41","66,968.09"
2019,October,"38,130.73","15,951.77","14,959.68","69,042.18","29,542.63","30,482.21","19,357.55","79,382.40","148,424.58","18,345.90","7,689.92","7,182.72","33,218.54","12,548.15","12,947.57","8,222.89","33,718.61","66,937.14"
2019,September,"36,722.16","14,853.19","14,138.83","65,714.18","28,595.39","29,460.71","18,992.67","77,048.77","142,762.95","17,726.49","7,189.14","6,806.02","31,721.64","12,168.93","12,537.51","8,083.23","32,789.67","64,511.32"
2019,August,"39,272.70","16,747.24","14,935.26","70,955.20","31,534.64","32,108.06","19,851.22","83,493.91","154,449.13","18,988.34","8,088.69","7,229.97","34,306.99","13,454.48","13,699.50","8,470.53","35,624.51","69,931.50"
2019,July,"38,946.62","15,950.71","14,858.72","69,756.05","30,866.88","31,920.85","19,352.30","82,140.03","151,896.08","18,814.61","7,714.24","7,169.56","33,698.41","13,198.05","13,649.08","8,275.50","35,122.63","68,821.03"
2019,June,"37,881.62","15,997.83","14,454.68","68,334.13","31,071.70","31,429.43","19,357.00","81,858.13","150,192.27","18,296.48","7,739.52","6,968.93","33,004.93","13,312.50","13,466.13","8,294.25","35,072.88","68,077.81"
2019,May,"39,158.64","16,359.95","15,139.03","70,657.63","31,825.73","31,712.28","19,553.38","83,091.39","153,749.02","18,855.63","7,881.53","7,285.99","34,023.16","13,679.92","13,631.52","8,405.66","35,717.10","69,740.25"
2019,April,"36,878.90","15,330.96","14,313.90","66,523.76","29,218.97","30,084.39","18,580.75","77,884.12","144,407.88","17,777.49","7,400.17","6,890.31","32,067.96","12,585.90","12,959.03","8,004.37","33,549.30","65,617.27"
2019,March,"37,747.98","15,979.27","14,134.67","67,861.91","30,916.53","31,129.29","18,543.36","80,589.18","148,451.09","18,145.64","7,695.42","6,780.66","32,621.73","13,360.15","13,452.46","8,014.10","34,826.71","67,448.45"
2019,February,"33,900.82","13,738.68","12,734.87","60,374.37","27,136.97","26,196.79","16,615.20","69,948.96","130,323.33","16,329.82","6,630.32","6,121.97","29,082.12","11,748.29","11,341.57","7,193.89","30,283.75","59,365.87"
2019,January,"37,975.39","14,248.51","13,449.02","65,672.92","27,117.27","26,468.45","16,630.46","70,216.17","135,889.09","18,343.75","6,911.58","6,467.67","31,723.00","11,781.34","11,499.76","7,226.00","30,507.10","62,230.11"
2018,December,"39,077.10","19,802.43","15,603.94","74,483.48","30,280.44","28,710.08","18,287.56","77,278.09","151,761.56","18,985.86","9,498.63","7,703.89","36,188.38","13,200.51","12,517.31","7,972.79","33,690.60","69,878.98"
2018,November,"37,312.88","17,245.39","14,657.73","69,216.00","26,805.14","27,859.79","17,824.01","72,488.95","141,704.95","18,176.95","8,370.73","7,170.96","33,718.63","11,732.21","12,195.17","7,801.71","31,729.09","65,447.73"
2018,October,"36,837.49","15,561.26","14,440.46","66,839.21","27,817.27","29,018.58","18,483.86","75,319.71","142,158.92","17,905.71","7,582.04","7,001.09","32,488.84","12,210.00","12,738.71","8,113.64","33,062.35","65,551.19"
2018,September,"36,047.04","14,847.71","13,637.03","64,531.78","27,226.56","27,950.28","18,165.05","73,341.89","137,873.67","17,503.77","7,232.17","6,599.58","31,335.51","11,961.71","12,281.03","7,981.04","32,223.77","63,559.29"
2018,August,"37,393.04","16,152.06","14,345.02","67,890.12","29,892.24","30,296.18","19,011.47","79,199.89","147,090.00","18,165.68","7,835.31","6,980.38","32,981.38","13,161.80","13,341.14","8,371.35","34,874.29","67,855.67"
2018,July,"37,186.01","15,554.86","14,049.53","66,790.40","29,610.81","30,235.13","18,681.04","78,526.99","145,317.39","18,079.79","7,579.43","6,814.29","32,473.50","13,062.58","13,339.47","8,241.43","34,643.48","67,116.98"
2018,June,"36,736.42","15,714.61","14,010.78","66,461.81","29,968.54","29,762.03","18,759.79","78,490.36","144,952.17","17,910.65","7,680.05","6,812.50","32,403.19","13,235.58","13,145.84","8,285.71","34,667.12","67,070.31"
2018,May,"37,961.83","15,680.67","14,536.54","68,179.04","30,100.47","29,614.87","18,883.40","78,598.73","146,777.78","18,498.11","7,643.84","7,080.56","33,222.50","13,318.04","13,104.64","8,355.48","34,778.16","68,000.66"
2018,April,"35,076.05","14,425.93","13,426.74","62,928.73","28,092.81","27,502.24","17,900.14","73,495.20","136,423.92","17,031.99","7,019.77","6,504.83","30,556.59","12,471.15","12,210.34","7,946.80","32,628.29","63,184.88"
2018,March,"37,592.39","15,926.80","14,088.62","67,607.81","29,830.22","28,688.28","18,112.54","76,631.04","144,238.84","18,327.97","7,777.07","6,856.89","32,961.92","13,274.36","12,767.62","8,060.50","34,102.48","67,064.41"
2018,February,"33,342.50","13,800.60","12,503.83","59,646.94","25,829.63","24,475.02","16,358.40","66,663.05","126,309.98","16,253.78","6,753.25","6,069.70","29,076.74","11,506.64","10,904.40","7,287.81","29,698.84","58,775.58"
2018,January,"35,950.85","13,820.07","13,166.94","62,937.86","25,684.65","24,772.62","16,252.02","66,709.30","129,647.16","17,478.67","6,752.62","6,368.09","30,599.38","11,469.86","11,063.81","7,258.00","29,791.68","60,391.05"
2017,December,"39,070.31","19,670.53","15,356.57","74,097.41","30,004.21","26,703.98","17,874.17","74,582.37","148,679.78","19,095.20","9,515.37","7,604.20","36,214.77","13,445.53","11,966.43","8,010.26","33,422.22","69,636.98"
2017,November,"36,516.84","16,544.47","13,706.14","66,767.45","25,798.50","25,236.79","17,077.30","68,112.59","134,880.03","17,860.39","8,049.92","6,746.06","32,656.37","11,588.95","11,336.45","7,671.73","30,597.13","63,253.51"
2017,October,"35,748.55","15,117.99","13,260.12","64,126.66","26,391.01","26,666.22","17,578.99","70,636.22","134,762.88","17,401.41","7,377.97","6,436.10","31,215.48","11,876.76","12,000.42","7,911.52","31,788.70","63,004.18"
2017,September,"35,426.91","14,566.72","12,968.52","62,962.15","25,905.33","26,174.28","17,511.34","69,590.96","132,553.11","17,274.78","7,122.30","6,304.73","30,701.81","11,671.34","11,792.32","7,889.97","31,353.63","62,055.44"
2017,August,"36,065.98","15,389.12","13,221.93","64,677.03","26,817.10","27,767.70","17,695.22","72,280.01","136,957.03","17,607.38","7,499.06","6,469.22","31,575.66","12,119.37","12,548.78","7,997.41","32,665.56","64,241.22"
2017,July,"36,124.97","15,104.01","12,834.26","64,063.24","26,954.45","27,889.60","17,620.52","72,464.58","136,527.81","17,628.06","7,384.83","6,248.71","31,261.61","12,221.04","12,644.83","7,989.54","32,855.40","64,117.01"
2017,June,"35,518.91","15,055.66","12,980.04","63,554.60","27,137.79","27,680.31","17,738.39","72,556.49","136,111.09","17,379.82","7,382.51","6,336.06","31,098.39","12,323.61","12,569.77","8,055.69","32,949.07","64,047.46"
2017,May,"36,564.59","15,162.33","13,280.44","65,007.36","27,968.75","27,943.54","17,913.09","73,825.38","138,832.73","17,841.77","7,411.22","6,467.87","31,720.86","12,705.55","12,693.90","8,137.97","33,537.43","65,258.28"
2017,April,"35,256.96","14,744.42","12,659.10","62,660.48","27,572.86","26,774.10","17,464.70","71,811.66","134,472.14","17,214.29","7,210.47","6,169.74","30,594.50","12,547.98","12,184.29","7,948.37","32,680.65","63,275.14"
2017,March,"35,894.62","14,739.27","12,910.90","63,544.79","28,564.88","27,581.06","17,437.11","73,583.05","137,127.84","17,566.90","7,216.07","6,316.36","31,099.33","13,028.50","12,579.58","7,953.57","33,561.64","64,660.97"
2017,February,"32,590.43","13,617.52","11,567.92","57,775.86","25,351.20","23,906.61","16,011.79","65,269.60","123,045.46","15,972.48","6,701.73","5,641.93","28,316.14","11,581.34","10,921.22","7,315.17","29,817.73","58,133.87"
2017,January,"34,982.37","13,604.58","12,013.02","60,599.96","25,437.71","24,489.17","15,951.80","65,878.68","126,478.64","17,184.71","6,716.56","5,868.16","29,769.44","11,644.75","11,210.35","7,302.75","30,157.86","59,927.29"
2016,December,"37,304.52","19,101.23","14,022.71","70,428.46","27,544.30","25,293.73","16,030.34","68,868.38","139,296.84","18,391.01","9,304.99","7,020.77","34,716.77","12,654.92","11,622.06","7,366.31","31,643.28","66,360.05"
2016,November,"34,878.62","16,129.57","12,165.38","63,173.57","24,378.79","24,428.60","15,348.14","64,155.53","127,329.10","17,161.23","7,908.13","6,009.97","31,079.32","11,217.70","11,241.72","7,063.54","29,522.95","60,602.27"
2016,October,"34,806.45","15,056.64","12,047.69","61,910.78","25,521.23","25,304.18","15,933.70","66,759.11","128,669.89","17,038.35","7,390.38","5,873.94","30,302.67","11,754.04","11,655.22","7,339.68","30,748.94","61,051.61"
2016,September,"33,988.33","13,919.83","11,891.04","59,799.20","24,632.34","24,688.77","15,866.97","65,188.07","124,987.27","16,639.62","6,828.73","5,803.87","29,272.22","11,359.99","11,387.13","7,318.80","30,065.92","59,338.14"
2016,August,"34,687.10","15,174.34","12,098.04","61,959.48","25,361.77","26,136.93","15,819.42","67,318.11","129,277.59","16,983.99","7,418.24","5,931.54","30,333.77","11,716.48","12,075.77","7,309.42","31,101.67","61,435.45"
2016,July,"35,296.35","15,197.85","12,101.37","62,595.56","25,962.64","26,510.98","15,958.36","68,431.98","131,027.55","17,273.67","7,457.60","5,898.61","30,629.88","12,021.34","12,276.44","7,390.40","31,688.17","62,318.05"
2016,June,"34,713.46","14,883.74","12,198.35","61,795.56","25,270.24","25,723.17","15,836.17","66,829.57","128,625.13","16,972.52","7,280.50","5,957.11","30,210.13","11,724.00","11,935.31","7,348.38","31,007.68","61,217.81"
2016,May,"35,265.12","15,244.89","12,180.62","62,690.63","26,737.37","26,228.88","15,956.27","68,922.52","131,613.16","17,175.68","7,437.98","5,915.72","30,529.39","12,426.21","12,191.08","7,417.01","32,034.30","62,563.69"
2016,April,"33,642.07","14,514.17","11,439.08","59,595.32","26,646.65","25,517.33","15,552.11","67,716.09","127,311.41","16,297.96","7,047.17","5,522.39","28,867.52","12,410.42","11,885.62","7,244.56","31,540.60","60,408.13"
2016,March,"34,825.88","15,058.21","11,778.84","61,662.93","26,501.95","25,656.29","15,131.12","67,289.36","128,952.30","16,892.94","7,301.29","5,712.86","29,907.09","12,373.03","11,979.39","7,065.59","31,418.01","61,325.10"
2016,February,"32,529.73","13,943.46","10,863.01","57,336.20","24,893.08","23,048.35","14,242.03","62,183.46","119,519.67","15,666.18","6,732.11","5,211.21","27,609.50","11,647.07","10,785.01","6,664.85","29,096.92","56,706.42"
2016,January,"34,619.09","13,697.69","10,930.53","59,247.31","24,219.75","22,464.28","13,976.42","60,660.45","119,907.77","16,675.51","6,622.14","5,237.43","28,535.07","11,347.76","10,526.30","6,549.62","28,423.69","56,958.76"
2015,December,"36,380.87","19,009.05","12,806.98","68,196.91","26,687.27","24,421.15","13,991.96","65,100.38","133,297.28","17,573.43","9,048.53","6,318.75","32,940.71","12,546.00","11,481.85","6,578.46","30,606.31","63,547.02"
2015,November,"34,397.77","16,224.61","11,084.71","61,707.09","23,678.01","22,905.21","13,476.52","60,059.74","121,766.83","16,556.18","7,775.61","5,367.76","29,699.54","11,143.87","10,781.27","6,343.22","28,268.37","57,967.91"
2015,October,"34,731.09","15,176.83","11,345.54","61,253.45","25,207.86","24,372.04","14,299.15","63,879.05","125,132.50","16,611.08","7,276.32","5,407.70","29,295.09","11,884.18","11,491.32","6,741.94","30,117.44","59,412.53"
2015,September,"33,490.41","14,085.96","11,091.16","58,667.54","23,320.59","23,150.72","13,954.89","60,426.21","119,093.74","16,040.53","6,766.59","5,291.23","28,098.35","11,017.16","10,938.04","6,593.20","28,548.40","56,646.75"
2015,August,"34,706.52","15,512.05","11,469.63","61,688.20","24,891.91","24,693.83","14,224.89","63,810.63","125,498.83","16,669.97","7,443.21","5,515.39","29,628.57","11,822.81","11,729.94","6,756.97","30,309.71","59,938.29"
2015,July,"35,314.93","15,113.27","11,841.44","62,269.64","24,735.07","24,955.02","14,257.75","63,947.84","126,217.47","17,014.98","7,299.06","5,686.85","30,000.89","11,773.29","11,879.20","6,786.96","30,439.46","60,440.35"
2015,June,"33,898.82","14,821.72","11,587.56","60,308.11","24,351.72","24,299.96","13,998.57","62,650.25","122,958.36","16,366.44","7,171.73","5,577.71","29,115.88","11,593.50","11,570.05","6,665.13","29,828.68","58,944.56"
2015,May,"35,474.23","15,593.43","11,683.08","62,750.74","26,363.31","25,127.40","14,324.00","65,814.71","128,565.45","17,160.80","7,560.52","5,633.54","30,354.86","12,576.95","11,988.58","6,834.11","31,399.63","61,754.49"
2015,April,"33,479.89","14,250.29","11,196.46","58,926.64","24,518.20","23,841.31","13,690.23","62,049.74","120,976.38","16,176.83","6,907.85","5,386.53","28,471.21","11,724.04","11,401.54","6,546.98","29,672.55","58,143.76"
2015,March,"34,287.59","14,812.18","11,399.90","60,499.67","25,653.79","23,854.89","13,493.48","63,002.16","123,501.83","16,547.69","7,147.27","5,502.04","29,197.00","12,296.93","11,435.82","6,468.64","30,201.39","59,398.39"
2015,February,"31,636.43","13,494.77","10,383.41","55,514.60","22,738.08","20,461.53","12,517.14","55,716.75","111,231.35","15,185.35","6,501.45","4,959.04","26,645.85","10,916.02","9,824.11","6,009.80","26,749.93","53,395.79"
2015,January,"34,739.51","13,895.20","10,642.79","59,277.50","23,548.54","21,161.51","12,623.31","57,333.36","116,610.86","16,659.94","6,697.16","5,069.47","28,426.57","11,335.57","10,187.58","6,077.11","27,600.26","56,026.83"
2014,December,"35,943.14","18,700.46","12,591.65","67,235.26","24,639.59","22,585.57","12,377.44","59,602.60","126,837.86","17,288.21","8,868.54","6,185.50","32,342.25","11,881.02","10,892.06","5,968.71","28,741.79","61,084.04"
2014,November,"34,520.36","16,408.81","11,097.44","62,026.61","22,438.26","21,400.77","12,188.70","56,027.73","118,054.34","16,664.42","7,895.53","5,385.59","29,945.54","10,847.08","10,346.94","5,892.61","27,086.63","57,032.17"
2014,October,"34,463.16","14,934.35","11,456.33","60,853.83","23,088.71","22,709.18","12,743.31","58,541.21","119,395.04","16,599.36","7,213.38","5,500.48","29,313.21","11,200.95","11,018.32","6,182.48","28,401.75","57,714.96"
2014,September,"32,905.51","13,895.63","11,108.51","57,909.64","21,602.87","21,387.15","12,417.69","55,407.71","113,317.34","15,884.74","6,730.94","5,342.02","27,957.70","10,502.29","10,398.83","6,037.24","26,938.36","54,896.06"
2014,August,"34,505.52","15,666.80","11,525.34","61,697.66","23,503.63","23,130.30","12,733.64","59,367.57","121,065.23","16,716.29","7,589.49","5,586.50","29,892.28","11,461.53","11,281.00","6,209.91","28,952.44","58,844.72"
2014,July,"34,571.89","14,792.58","11,616.17","60,980.64","22,609.47","22,866.32","12,550.01","58,025.80","119,006.44","16,811.50","7,212.25","5,632.38","29,656.13","11,051.64","11,178.70","6,134.85","28,365.19","58,021.32"
2014,June,"33,307.28","14,768.93","11,319.28","59,395.49","22,257.71","22,338.34","12,375.01","56,971.07","116,366.56","16,242.13","7,220.15","5,504.25","28,966.53","10,913.20","10,954.21","6,067.94","27,935.35","56,901.88"
2014,May,"34,922.12","15,484.59","11,759.33","62,166.04","24,119.38","23,009.84","12,750.64","59,879.85","122,045.89","17,004.21","7,554.84","5,713.45","30,272.50","11,849.50","11,305.93","6,264.59","29,420.03","59,692.54"
2014,April,"32,899.86","14,329.36","11,282.43","58,511.64","22,404.27","21,627.04","12,068.70","56,100.01","114,611.66","16,113.80","7,026.61","5,520.20","28,660.61","11,025.48","10,644.44","5,939.55","27,609.47","56,270.08"
2014,March,"33,154.76","14,792.80","11,229.20","59,176.77","23,942.09","21,856.46","11,976.35","57,774.91","116,951.67","16,316.08","7,293.15","5,515.39","29,124.62","11,813.58","10,785.94","5,909.81","28,509.32","57,633.95"
2014,February,"30,550.68","13,457.18","10,428.32","54,436.18","20,979.28","18,633.10","11,074.61","50,686.99","105,123.16","15,089.26","6,671.97","5,127.72","26,888.95","10,380.71","9,221.05","5,480.19","25,081.96","51,970.91"
2014,January,"33,406.84","13,334.40","10,847.95","57,589.19","20,890.70","18,929.56","11,114.16","50,934.43","108,523.61","16,553.08","6,647.39","5,337.53","28,538.01","10,366.61","9,394.70","5,515.57","25,276.89","53,814.89"
2013,December,"34,261.02","18,434.49","12,377.76","65,073.27","22,375.46","20,634.58","10,798.89","53,808.93","118,882.20","17,086.00","9,064.08","6,301.81","32,451.89","11,110.84","10,246.60","5,362.86","26,720.30","59,172.19"
2013,November,"33,237.98","16,041.76","10,746.26","60,026.00","21,027.41","20,317.15","10,715.26","52,059.82","112,085.81","16,587.37","7,973.73","5,394.61","29,955.71","10,455.51","10,102.56","5,328.48","25,886.55","55,842.27"
2013,October,"32,744.94","14,449.55","10,825.43","58,019.92","20,933.48","20,835.35","10,975.09","52,743.92","110,763.84","16,287.01","7,202.94","5,368.41","28,858.36","10,435.22","10,386.51","5,471.53","26,293.27","55,151.63"
2013,September,"31,479.64","13,691.49","10,346.09","55,517.21","19,811.05","19,898.80","10,673.37","50,383.22","105,900.44","15,682.62","6,841.36","5,133.58","27,657.56","9,888.40","9,932.41","5,327.95","25,148.76","52,806.32"
2013,August,"33,360.18","15,187.50","10,895.54","59,443.22","21,633.46","21,756.13","10,994.19","54,383.79","113,827.01","16,622.74","7,566.25","5,430.25","29,619.24","10,808.00","10,869.50","5,493.18","27,170.69","56,789.93"
2013,July,"33,023.43","14,445.67","10,829.09","58,298.19","20,761.81","21,603.72","10,775.97","53,141.50","111,439.70","16,483.69","7,233.50","5,382.25","29,099.43","10,389.66","10,811.19","5,393.04","26,593.88","55,693.31"
2013,June,"32,362.01","14,655.11","10,526.56","57,543.68","20,970.82","21,220.06","10,707.74","52,898.63","110,442.30","16,159.90","7,333.10","5,241.14","28,734.13","10,511.22","10,636.36","5,367.56","26,515.14","55,249.28"
2013,May,"33,613.81","14,925.55","10,976.27","59,515.63","21,894.14","21,756.13","10,909.46","54,559.73","114,075.36","16,799.16","7,470.51","5,474.25","29,743.92","10,990.93","10,921.87","5,477.11","27,389.92","57,133.84"
2013,April,"30,739.36","13,725.51","10,392.16","54,857.02","20,989.35","20,703.96","10,466.16","52,159.47","107,016.49","15,311.41","6,860.05","5,152.89","27,324.35","10,554.39","10,411.09","5,263.36","26,228.84","53,553.18"
2013,March,"33,269.24","15,006.60","10,849.48","59,125.32","22,435.53","21,411.36","10,469.49","54,316.38","113,441.70","16,593.17","7,493.22","5,402.43","29,488.82","11,320.23","10,803.69","5,283.10","27,407.03","56,895.84"
2013,February,"29,851.31","13,415.60","9,941.40","53,208.31","19,543.63","18,630.09","9,725.17","47,898.89","101,107.20","14,872.18","6,702.50","4,934.00","26,508.67","9,880.68","9,419.02","4,917.23","24,216.93","50,725.60"
2013,January,"32,133.25","13,045.14","10,098.34","55,276.73","19,727.45","18,864.49","9,687.30","48,279.25","103,555.97","15,994.91","6,517.55","5,002.36","27,514.83","9,982.61","9,546.12","4,902.51","24,431.23","51,946.06"
2012,December,"33,928.43","18,494.32","11,338.48","63,761.23","21,529.01","19,981.56","9,248.83","50,759.41","114,520.63","16,986.46","9,127.38","5,809.64","31,923.48","10,909.82","10,126.33","4,687.57","25,723.73","57,647.21"
2012,November,"32,480.94","15,556.97","10,311.04","58,348.94","19,414.15","19,146.13","9,187.46","47,747.74","106,096.68","16,304.19","7,766.69","5,219.03","29,289.91","9,851.27","9,715.92","4,662.65","24,229.84","53,519.76"
2012,October,"32,125.68","14,144.55","10,429.79","56,700.02","19,571.93","19,804.03","9,442.94","48,818.90","105,518.92","16,114.70","7,117.57","5,210.21","28,442.48","9,943.60","10,062.19","4,798.21","24,804.00","53,246.48"
2012,September,"31,463.05","13,576.42","9,894.20","54,933.67","19,474.60","19,184.76","9,438.12","48,097.48","103,031.15","15,839.62","6,857.44","4,959.42","27,656.48","9,901.46","9,754.75","4,799.30","24,455.51","52,111.99"
2012,August,"32,781.87","14,725.06","10,425.85","57,932.78","20,484.25","20,668.71","9,512.20","50,665.15","108,597.94","16,496.93","7,402.64","5,255.11","29,154.68","10,436.92","10,531.62","4,847.27","25,815.80","54,970.48"
2012,July,"32,415.89","14,107.95","10,021.87","56,545.70","20,440.60","20,528.77","9,289.02","50,258.39","106,804.09","16,341.11","7,141.27","5,023.71","28,506.09","10,446.14","10,491.91","4,747.85","25,685.90","54,192.00"
2012,June,"32,221.46","14,399.41","10,042.30","56,663.18","20,566.31","20,414.94","9,447.71","50,428.96","107,092.14","16,228.44","7,269.33","5,041.76","28,539.52","10,532.40","10,455.58","4,839.07","25,827.05","54,366.57"
2012,May,"33,052.07","14,543.12","10,564.60","58,159.79","20,881.17","20,396.15","9,533.80","50,811.12","108,970.91","16,646.56","7,347.08","5,299.30","29,292.94","10,719.65","10,471.36","4,895.05","26,086.06","55,379.00"
2012,April,"31,237.17","13,847.73","10,141.59","55,226.50","20,237.37","19,484.48","9,124.46","48,846.31","104,072.80","15,719.38","6,988.78","5,084.22","27,792.38","10,414.03","10,027.27","4,696.10","25,137.40","52,929.79"
2012,March,"32,337.26","14,457.92","10,504.60","57,299.78","21,339.69","20,327.22","9,056.64","50,723.55","108,023.33","16,296.05","7,286.46","5,294.12","28,876.63","11,010.21","10,488.54","4,673.51","26,172.26","55,048.88"
2012,February,"30,218.57","13,698.57","9,626.67","53,543.80","19,134.50","18,279.36","8,487.98","45,901.84","99,445.65","15,241.73","6,927.52","4,838.23","27,007.47","9,892.14","9,450.69","4,388.78","23,731.61","50,739.08"
2012,January,"31,148.53","12,881.64","9,501.63","53,531.81","18,619.92","17,750.94","8,267.51","44,638.38","98,170.19","15,675.93","6,521.26","4,744.32","26,941.52","9,639.82","9,190.55","4,280.87","23,111.24","50,052.76"
2011,December,"33,791.44","15,627.67","11,550.87","60,969.98","20,140.82","19,098.35","8,636.14","47,875.31","108,845.29","17,134.62","7,801.32","5,985.56","30,921.50","10,465.44","9,923.72","4,487.93","24,877.08","55,798.59"
2011,November,"31,803.54","12,794.95","10,165.64","54,764.13","17,862.98","18,068.30","8,440.43","44,371.71","99,135.84","16,168.94","6,467.29","5,210.81","27,847.04","9,297.27","9,404.09","4,393.49","23,094.85","50,941.89"
2011,October,"31,511.84","11,946.12","9,963.23","53,421.18","19,198.72","18,983.32","8,771.92","46,953.96","100,375.15","15,963.84","6,074.07","5,029.95","27,067.87","10,017.62","9,905.18","4,577.53","24,500.33","51,568.20"
2011,September,"30,875.13","11,290.57","9,747.83","51,913.54","18,702.48","18,434.31","8,817.15","45,953.94","97,867.48","15,672.41","5,754.60","4,929.28","26,356.29","9,776.57","9,636.34","4,609.55","24,022.46","50,378.75"
2011,August,"31,889.25","12,038.96","10,108.93","54,037.14","19,352.02","19,529.20","8,805.47","47,686.68","101,723.83","16,285.36","6,155.72","5,159.76","27,600.83","10,138.69","10,231.47","4,613.74","24,983.90","52,584.73"
2011,July,"32,366.06","12,039.69","9,950.29","54,356.04","19,947.63","19,756.12","8,874.22","48,577.97","102,934.00","16,635.43","6,220.20","5,087.10","27,942.73","10,492.84","10,392.06","4,668.50","25,553.39","53,496.13"
2011,June,"31,486.63","11,788.93","10,074.49","53,350.04","19,149.53","19,190.38","8,906.37","47,246.28","100,596.32","16,276.90","6,099.77","5,207.33","27,583.99","10,094.08","10,115.56","4,695.18","24,904.82","52,488.82"
2011,May,"31,784.10","12,049.60","10,151.90","53,985.59","19,739.41","19,405.80","8,813.01","47,958.21","101,943.81","16,447.59","6,259.47","5,234.27","27,941.33","10,431.91","10,255.57","4,657.99","25,345.47","53,286.80"
2011,April,"31,356.26","11,723.73","9,909.12","52,989.12","19,070.45","18,813.91","8,561.04","46,445.39","99,434.52","16,307.46","6,111.74","5,143.74","27,562.94","10,096.74","9,960.87","4,533.06","24,590.66","52,153.61"
2011,March,"31,045.11","11,572.82","9,891.72","52,509.66","19,317.87","19,063.84","8,240.60","46,622.31","99,131.97","16,203.67","6,052.72","5,155.32","27,411.71","10,263.42","10,128.41","4,378.63","24,770.46","52,182.17"
2011,February,"28,439.23","10,784.94","8,899.57","48,123.74","17,183.67","16,945.17","7,613.39","41,742.23","89,865.97","14,990.42","5,706.44","4,673.82","25,370.68","9,156.53","9,029.41","4,057.31","22,243.25","47,613.93"
2011,January,"30,611.52","10,716.36","8,967.05","50,294.93","17,113.82","16,759.03","7,594.50","41,467.34","91,762.27","16,225.28","5,717.40","4,720.28","26,662.96","9,136.30","8,946.85","4,054.78","22,137.93","48,800.89"
2010,December,"32,470.94","14,993.36","10,975.90","58,440.20","18,325.08","17,923.88","8,165.01","44,413.98","102,854.17","17,451.92","7,922.37","6,036.55","31,410.83","9,801.24","9,587.20","4,367.63","23,756.07","55,166.90"
2010,November,"30,387.20","12,321.10","9,302.92","52,011.22","16,639.24","17,235.71","7,896.85","41,771.79","93,783.02","16,363.44","6,585.17","5,060.57","28,009.18","8,907.77","9,227.62","4,228.06","22,363.45","50,372.63"
2010,October,"30,165.26","11,399.12","9,118.23","50,682.61","17,774.26","18,354.78","8,203.08","44,332.12","95,014.73","16,231.93","6,156.45","4,885.16","27,273.54","9,524.82","9,836.47","4,396.38","23,757.67","51,031.20"
2010,September,"29,526.28","10,573.05","8,825.43","48,924.76","16,929.37","17,309.97","8,243.48","42,482.82","91,407.59","15,927.57","5,723.66","4,741.78","26,393.00","9,080.54","9,285.21","4,422.14","22,787.88","49,180.89"
2010,August,"29,995.54","11,502.93","9,000.56","50,499.04","18,076.53","18,717.69","8,201.04","44,995.25","95,494.29","16,239.23","6,235.46","4,866.10","27,340.79","9,723.81","10,069.27","4,412.08","24,205.16","51,545.95"
2010,July,"30,895.62","11,459.87","8,928.21","51,283.70","18,642.72","18,880.84","8,231.26","45,754.82","97,038.52","16,736.31","6,235.24","4,810.33","27,781.87","10,060.01","10,189.08","4,442.32","24,691.42","52,473.29"
2010,June,"29,696.00","11,214.65","8,949.81","49,860.47","17,793.30","18,192.67","8,115.66","44,101.64","93,962.11","16,078.63","6,085.14","4,833.93","26,997.70","9,597.95","9,813.93","4,378.24","23,790.11","50,787.80"
2010,May,"30,939.14","11,748.80","9,030.11","51,718.05","18,782.00","18,334.90","8,142.47","45,259.38","96,977.42","16,718.18","6,365.47","4,863.81","27,947.45","10,141.33","9,900.48","4,397.08","24,438.88","52,386.34"
2010,April,"29,268.08","11,015.12","8,951.21","49,234.41","18,126.47","17,590.26","7,902.96","43,619.69","92,854.09","15,819.31","5,975.98","4,816.95","26,612.24","9,800.27","9,510.91","4,273.37","23,584.54","50,196.79"
2010,March,"30,129.72","11,247.29","9,084.33","50,461.34","18,153.48","17,846.49","7,619.85","43,619.83","94,081.16","16,293.64","6,081.41","4,914.80","27,289.84","9,827.31","9,661.67","4,125.51","23,614.50","50,904.34"
2010,February,"27,850.88","10,584.59","8,178.64","46,614.12","16,182.20","16,027.75","7,181.23","39,391.18","86,005.30","15,096.64","5,770.20","4,401.59","25,268.42","8,756.67","8,673.58","3,886.46","21,316.71","46,585.13"
2010,January,"29,870.79","10,551.47","8,382.62","48,804.88","16,427.36","16,162.66","7,175.84","39,765.86","88,570.74","16,170.04","5,744.79","4,506.03","26,420.86","8,895.85","8,753.00","3,886.40","21,535.25","47,956.11"
2009,December,"31,809.86","14,543.81","10,261.76","56,615.44","17,378.49","16,865.76","7,918.66","42,162.91","98,778.35","17,379.29","7,793.63","5,755.01","30,927.94","9,415.90","9,138.70","4,291.30","22,845.90","53,773.84"
2009,November,"29,753.21","11,767.96","8,735.91","50,257.08","16,034.12","16,119.56","7,718.96","39,872.64","90,129.72","16,297.11","6,397.53","4,829.89","27,524.54","8,693.54","8,740.44","4,185.95","21,619.92","49,144.46"
2009,October,"30,095.62","11,140.24","8,634.22","49,870.08","17,329.38","16,985.94","8,160.71","42,476.04","92,346.11","16,423.78","6,092.53","4,695.39","27,211.70","9,412.95","9,227.01","4,433.60","23,073.56","50,285.26"
2009,September,"29,034.07","10,183.55","8,297.00","47,514.62","16,422.31","16,284.69","8,130.27","40,837.27","88,351.89","15,872.56","5,585.65","4,514.20","25,972.40","8,929.05","8,854.80","4,421.39","22,205.25","48,177.65"
2009,August,"30,046.71","11,286.44","8,522.99","49,856.13","17,739.02","17,815.75","8,106.96","43,661.74","93,517.88","16,388.11","6,154.17","4,646.92","27,189.20","9,659.11","9,701.53","4,415.22","23,775.86","50,965.06"
2009,July,"30,641.72","11,009.61","8,574.96","50,226.29","17,806.96","18,004.91","8,149.46","43,961.34","94,187.63","16,705.37","6,020.57","4,653.21","27,379.15","9,710.43","9,819.02","4,444.93","23,974.38","51,353.53"
2009,June,"29,431.24","10,968.71","8,535.14","48,935.09","17,360.46","17,527.30","8,108.40","42,996.16","91,931.25","15,970.07","5,971.91","4,608.02","26,550.00","9,474.66","9,566.35","4,426.13","23,467.14","50,017.14"
2009,May,"30,829.36","11,567.63","8,427.41","50,824.39","18,481.08","18,130.32","8,059.55","44,670.96","95,495.34","16,708.19","6,287.59","4,545.43","27,541.21","10,092.59","9,901.69","4,402.26","24,396.54","51,937.75"
2009,April,"29,264.78","10,674.71","8,063.59","48,003.08","17,211.04","17,070.60","7,654.76","41,936.40","89,939.48","15,809.17","5,773.00","4,346.41","25,928.59","9,403.99","9,327.87","4,183.36","22,915.22","48,843.80"
2009,March,"28,931.13","10,795.45","8,046.30","47,772.88","17,872.88","17,241.99","7,336.13","42,451.01","90,223.89","15,533.41","5,815.73","4,297.39","25,646.53","9,795.90","9,450.74","4,021.71","23,268.34","48,914.87"
2009,February,"26,994.95","10,183.52","7,533.58","44,712.04","16,363.08","15,609.55","6,949.58","38,922.21","83,634.26","14,408.97","5,467.39","3,986.41","23,862.76","8,978.41","8,565.52","3,814.04","21,357.97","45,220.73"
2009,January,"30,200.02","10,414.22","7,702.41","48,316.65","17,175.02","16,010.87","7,175.65","40,361.54","88,678.19","16,020.33","5,560.47","4,046.74","25,627.53","9,451.56","8,811.50","3,949.67","22,212.72","47,840.25"
2008,December,"31,150.20","14,270.48","9,306.03","54,726.71","17,839.41","16,742.03","7,639.01","42,220.45","96,947.17","16,607.18","7,478.73","5,094.48","29,180.39","9,843.36","9,240.15","4,216.12","23,299.63","52,480.02"
2008,November,"30,205.54","11,928.37","8,272.16","50,406.08","16,738.25","16,287.43","7,759.28","40,784.95","91,191.03","16,073.92","6,314.40","4,438.85","26,827.18","9,262.67","9,015.44","4,294.90","22,573.01","49,400.19"
2008,October,"30,150.41","10,834.56","9,158.24","50,143.21","17,322.72","17,316.82","8,406.07","43,045.61","93,188.81","16,002.66","5,765.39","4,849.49","26,617.53","9,619.03","9,618.14","4,668.84","23,906.01","50,523.54"
2008,September,"29,012.41","10,176.35","9,216.73","48,405.48","16,769.72","16,368.94","8,605.62","41,744.28","90,149.77","15,471.27","5,458.64","4,886.36","25,816.27","9,357.40","9,136.04","4,803.00","23,296.44","49,112.71"
2008,August,"30,828.21","11,532.69","9,638.66","51,999.56","18,737.45","18,104.80","8,631.56","45,473.82","97,473.38","16,543.24","6,200.41","5,164.35","27,907.99","10,511.35","10,158.98","4,843.33","25,513.66","53,421.65"
2008,July,"30,833.36","11,191.22","9,888.95","51,913.52","18,209.37","17,895.79","8,596.49","44,701.65","96,615.17","16,659.02","6,077.82","5,315.29","28,052.14","10,247.54","10,073.58","4,838.94","25,160.05","53,212.19"
2008,June,"29,597.58","11,301.51","9,662.94","50,562.02","17,978.38","17,327.27","8,537.77","43,843.43","94,405.45","16,187.43","6,198.12","5,271.32","27,656.87","10,181.59","9,815.29","4,836.32","24,833.21","52,490.08"
2008,May,"31,229.60","11,728.28","9,791.32","52,749.20","19,088.35","17,898.92","8,609.82","45,597.09","98,346.28","17,185.46","6,479.01","5,366.89","29,031.36","10,863.14","10,188.78","4,901.07","25,952.99","54,984.35"
2008,April,"28,731.58","10,318.85","9,096.73","48,147.17","17,602.00","16,731.58","8,148.00","42,481.58","90,628.75","15,886.71","5,723.59","5,015.45","26,625.75","10,058.82","9,563.79","4,657.41","24,280.02","50,905.77"
2008,March,"29,914.43","10,906.54","9,229.74","50,050.71","18,337.30","16,900.88","7,865.86","43,104.04","93,154.75","16,751.11","6,119.66","5,159.67","28,030.44","10,505.93","9,685.38","4,507.75","24,699.06","52,729.51"
2008,February,"28,043.49","10,123.10","8,662.68","46,829.27","17,026.65","15,667.70","7,490.75","40,185.09","87,014.36","15,693.95","5,689.18","4,827.31","26,210.44","9,785.36","9,006.61","4,306.12","23,098.10","49,308.54"
2008,January,"29,449.82","9,786.90","8,757.83","47,994.55","16,637.27","15,496.31","7,510.33","39,643.90","87,638.45","16,508.39","5,517.46","4,881.50","26,907.34","9,598.19","8,942.18","4,333.88","22,874.25","49,781.59"
2007,December,"31,562.03","14,300.60","10,457.69","56,320.32","18,740.69","16,674.04","8,025.71","43,440.43","99,760.75","17,937.40","8,014.02","6,064.17","32,015.59","10,857.45","9,662.07","4,651.25","25,170.77","57,186.36"
2007,November,"29,691.93","11,393.47","9,287.82","50,373.22","16,875.93","15,831.02","7,868.80","40,575.76","90,948.98","16,912.74","6,444.41","5,342.54","28,699.68","9,794.76","9,190.14","4,568.45","23,553.34","52,253.03"
2007,October,"28,912.16","10,138.05","8,968.19","48,018.39","17,384.84","16,544.34","8,138.46","42,067.64","90,086.03","16,501.78","5,802.29","5,109.13","27,413.21","10,118.04","9,630.80","4,738.07","24,486.91","51,900.13"
2007,September,"28,372.55","9,753.70","8,418.82","46,545.07","17,049.97","16,015.11","8,088.86","41,153.94","87,699.02","16,284.65","5,631.84","4,804.69","26,721.18","9,945.49","9,343.71","4,719.79","24,008.98","50,730.16"
2007,August,"29,535.53","10,640.51","8,861.02","49,037.05","18,336.53","17,466.84","7,984.77","43,788.14","92,825.19","17,041.64","6,147.88","5,110.90","28,300.42","10,749.96","10,242.15","4,682.64","25,674.75","53,975.16"
2007,July,"29,325.02","10,287.68","8,668.55","48,281.25","18,050.01","17,232.56","8,067.46","43,350.02","91,631.27","16,981.09","5,991.19","4,992.25","27,964.53","10,624.17","10,145.05","4,749.97","25,519.20","53,483.73"
2007,June,"29,098.20","10,485.66","8,709.18","48,293.05","18,213.64","17,039.06","8,058.82","43,311.53","91,604.58","16,887.56","6,115.81","5,030.77","28,034.14","10,772.39","10,079.71","4,767.88","25,619.97","53,654.12"
2007,May,"29,755.67","10,477.04","8,984.36","49,217.07","18,186.66","16,853.93","7,979.08","43,019.67","92,236.73","17,322.24","6,119.29","5,216.86","28,658.39","10,793.17","10,004.24","4,736.84","25,534.25","54,192.64"
2007,April,"27,675.06","9,818.16","8,384.72","45,877.94","17,517.43","15,762.00","7,653.88","40,933.30","86,811.25","16,217.38","5,767.84","4,905.22","26,890.44","10,421.80","9,379.30","4,555.08","24,356.18","51,246.62"
2007,March,"28,855.82","10,162.77","8,587.38","47,605.98","18,518.94","16,515.05","7,535.04","42,569.04","90,175.02","16,930.91","5,972.75","5,035.29","27,938.95","11,052.35","9,858.38","4,498.55","25,409.28","53,348.23"
2007,February,"26,298.60","9,030.96","7,808.29","43,137.86","16,218.10","14,134.55","6,948.83","37,301.48","80,439.34","15,475.09","5,335.80","4,579.01","25,389.90","9,687.39","8,444.54","4,152.06","22,283.98","47,673.88"
2007,January,"28,079.76","9,178.40","7,916.17","45,174.34","16,431.56","14,473.42","6,974.11","37,879.09","83,053.43","16,651.06","5,467.50","4,675.72","26,794.28","9,850.55","8,678.40","4,182.30","22,711.25","49,505.53"
2006,December,"30,467.32","13,157.76","9,806.72","53,431.80","18,464.37","15,924.37","7,740.88","42,129.62","95,561.42","18,285.92","7,777.58","6,006.45","32,069.95","11,123.91","9,592.38","4,663.67","25,379.96","57,449.91"
2006,November,"28,294.69","10,259.79","8,572.53","47,127.01","15,936.17","14,691.39","7,343.74","37,971.30","85,098.31","16,981.95","6,103.73","5,200.12","28,285.79","9,629.36","8,876.01","4,437.59","22,942.96","51,228.75"
2006,October,"27,728.36","9,340.47","8,482.67","45,551.51","16,600.48","15,580.13","7,636.67","39,817.29","85,368.80","16,573.81","5,601.18","5,053.08","27,228.06","10,055.71","9,436.36","4,626.09","24,118.16","51,346.22"
2006,September,"27,291.02","8,943.13","8,298.40","44,532.55","16,522.03","15,313.09","7,644.35","39,479.48","84,012.02","16,396.44","5,399.92","4,959.77","26,756.13","10,038.14","9,302.38","4,644.59","23,985.11","50,741.23"
2006,August,"28,339.16","9,435.39","8,988.47","46,763.02","17,071.31","16,339.53","7,774.15","41,184.99","87,948.00","17,114.34","5,710.44","5,416.97","28,241.74","10,387.40","9,940.79","4,730.56","25,058.76","53,300.50"
2006,July,"28,351.02","9,338.09","8,714.55","46,403.66","16,908.32","16,281.11","7,699.07","40,888.50","87,292.17","17,165.95","5,680.82","5,250.70","28,097.47","10,313.99","9,930.05","4,696.61","24,940.65","53,038.12"
2006,June,"27,804.71","9,354.13","8,718.35","45,877.19","16,634.84","15,996.34","7,664.80","40,295.98","86,173.17","16,870.20","5,688.70","5,277.60","27,836.50","10,172.63","9,780.86","4,687.43","24,640.92","52,477.43"
2006,May,"28,365.85","9,451.14","8,887.70","46,704.68","16,781.98","16,029.72","7,656.47","40,468.17","87,172.86","17,237.57","5,765.43","5,379.90","28,382.90","10,288.44","9,825.93","4,694.12","24,808.49","53,191.39"
2006,April,"26,935.95","9,168.29","8,323.12","44,427.37","16,324.13","15,495.64","7,375.40","39,195.18","83,622.55","16,402.83","5,587.76","5,064.75","27,055.34","10,043.13","9,532.13","4,537.79","24,113.05","51,168.39"
2006,March,"27,410.36","8,925.66","8,502.61","44,838.62","16,677.90","15,949.40","7,190.03","39,817.33","84,655.95","16,622.29","5,419.63","5,150.27","27,192.19","10,281.55","9,831.12","4,432.71","24,545.38","51,737.57"
2006,February,"25,092.44","8,251.15","7,672.44","41,016.03","14,897.44","13,934.08","6,646.97","35,478.48","76,494.52","15,192.94","5,021.67","4,620.65","24,835.25","9,202.56","8,606.31","4,106.19","21,915.06","46,750.32"
2006,January,"26,517.14","8,248.92","7,843.65","42,609.71","15,369.10","14,338.81","6,640.64","36,348.55","78,958.27","15,989.16","5,003.89","4,700.45","25,693.50","9,522.90","8,883.32","4,114.81","22,521.03","48,214.53"
2005,December,"29,617.95","11,816.63","9,831.09","51,265.67","16,402.49","15,284.67","7,357.74","39,044.90","90,310.58","18,015.11","7,084.47","6,086.30","31,185.88","10,195.23","9,500.73","4,574.13","24,270.08","55,455.96"
2005,November,"27,145.71","9,390.16","8,471.92","45,007.79","14,745.91","14,248.05","7,057.49","36,051.45","81,059.24","16,571.88","5,699.27","5,208.29","27,479.44","9,184.30","8,874.49","4,396.40","22,455.19","49,934.63"
2005,October,"26,925.54","8,739.35","8,718.13","44,383.02","15,629.99","14,821.05","7,401.24","37,852.28","82,235.30","16,454.71","5,359.63","5,312.05","27,126.39","9,754.88","9,250.31","4,619.99","23,625.18","50,751.56"
2005,September,"26,582.32","8,071.18","8,523.48","43,176.98","15,044.56","14,327.23","7,408.13","36,779.91","79,956.89","16,313.36","4,994.38","5,192.64","26,500.38","9,418.46","8,969.66","4,638.53","23,026.65","49,527.03"
2005,August,"27,166.47","8,515.55","8,526.08","44,208.10","15,884.68","15,444.07","7,316.46","38,645.21","82,853.31","16,715.83","5,252.47","5,236.53","27,204.84","9,964.89","9,688.79","4,590.61","24,244.29","51,449.12"
2005,July,"27,675.00","8,548.51","8,124.35","44,347.86","16,135.31","15,898.30","7,252.18","39,285.79","83,633.66","17,001.82","5,278.70","4,967.18","27,247.71","10,153.48","10,004.66","4,564.39","24,722.53","51,970.24"
2005,June,"26,939.63","8,431.46","8,054.32","43,425.41","15,453.72","15,208.61","7,178.53","37,840.86","81,266.28","16,585.01","5,200.43","4,951.86","26,737.30","9,744.71","9,590.46","4,527.38","23,862.55","50,599.84"
2005,May,"27,309.54","8,468.50","8,058.17","43,836.21","15,743.54","15,265.92","7,092.65","38,102.11","81,938.31","16,733.22","5,212.13","4,917.23","26,862.58","9,958.39","9,656.58","4,487.16","24,102.14","50,964.72"
2005,April,"26,007.07","7,965.31","7,897.51","41,869.89","15,449.03","14,937.74","6,991.31","37,378.07","79,247.97","15,977.15","4,896.27","4,851.81","25,725.22","9,797.53","9,473.58","4,434.55","23,705.67","49,430.90"
2005,March,"26,978.17","8,045.10","8,148.75","43,172.02","15,339.80","14,589.77","6,691.39","36,620.95","79,792.98","16,723.52","4,990.34","5,051.13","26,764.99","9,748.56","9,272.21","4,253.20","23,273.96","50,038.95"
2005,February,"24,221.28","7,261.46","7,248.42","38,731.16","14,151.42","13,013.48","6,253.33","33,418.23","72,149.39","15,022.54","4,513.07","4,488.99","24,024.60","9,007.44","8,283.40","3,980.97","21,271.81","45,296.40"
2005,January,"26,285.06","7,295.04","7,357.01","40,937.11","14,090.55","13,065.57","6,338.28","33,494.40","74,431.50","16,224.86","4,517.41","4,529.66","25,271.94","8,996.90","8,342.71","4,047.73","21,387.33","46,659.28"
2004,December,"28,358.60","10,501.43","9,409.55","48,269.58","15,151.33","14,229.90","7,263.03","36,644.27","84,913.84","17,543.18","6,389.91","5,931.95","29,865.04","9,719.23","9,128.64","4,659.85","23,507.72","53,372.77"
2004,November,"26,036.48","8,248.98","8,115.54","42,400.99","13,796.48","13,051.79","6,999.71","33,847.98","76,248.97","16,140.92","5,096.07","5,052.87","26,289.86","8,864.13","8,386.12","4,497.98","21,748.23","48,038.09"
2004,October,"25,997.18","7,648.34","8,105.89","41,751.41","14,825.90","13,840.28","7,333.40","35,999.58","77,750.99","16,133.71","4,761.53","5,019.41","25,914.65","9,535.59","8,902.13","4,717.40","23,155.12","49,069.77"
2004,September,"25,536.02","6,943.88","7,687.13","40,167.03","14,086.75","13,151.51","7,101.33","34,339.58","74,506.61","16,000.80","4,371.62","4,799.97","25,172.38","9,084.16","8,481.50","4,580.19","22,145.86","47,318.24"
2004,August,"25,674.66","7,465.80","7,856.66","40,997.13","14,900.77","14,199.06","7,169.86","36,269.70","77,266.83","16,035.97","4,671.47","4,902.58","25,610.03","9,634.61","9,181.38","4,636.70","23,452.69","49,062.72"
2004,July,"26,796.43","7,476.03","7,866.23","42,138.69","15,319.08","14,702.79","7,260.63","37,282.50","79,421.19","16,700.83","4,680.82","4,885.22","26,266.87","9,936.72","9,537.48","4,710.40","24,184.60","50,451.47"
2004,June,"25,508.58","7,275.91","7,745.52","40,530.02","14,412.38","13,872.15","7,171.38","35,455.91","75,985.93","15,923.71","4,564.24","4,816.73","25,304.68","9,388.59","9,037.15","4,672.38","23,098.12","48,402.80"
2004,May,"26,531.74","7,665.80","7,787.02","41,984.56","14,812.53","14,093.17","7,143.23","36,048.93","78,033.50","16,580.17","4,808.01","4,852.73","26,240.91","9,664.76","9,195.89","4,661.53","23,522.18","49,763.10"
2004,April,"25,255.76","7,098.11","7,604.58","39,958.45","14,052.53","13,707.67","6,845.39","34,605.59","74,564.03","15,997.11","4,496.98","4,819.62","25,313.71","9,193.50","8,968.36","4,479.16","22,641.02","47,954.73"
2004,March,"25,268.36","6,965.60","7,637.16","39,871.13","14,413.78","13,639.82","6,730.58","34,784.18","74,655.30","15,987.72","4,412.66","4,830.60","25,230.98","9,450.14","8,943.18","4,413.54","22,806.87","48,037.85"
2004,February,"23,774.40","6,652.49","7,174.80","37,601.70","13,580.07","12,290.02","6,362.14","32,232.24","69,833.93","15,067.00","4,235.14","4,531.52","23,833.65","8,917.94","8,071.20","4,178.68","21,167.81","45,001.46"
2004,January,"25,772.53","6,557.04","7,217.95","39,547.52","13,598.05","12,148.16","6,284.57","32,030.78","71,578.29","16,333.31","4,183.04","4,550.65","25,067.00","8,958.72","8,003.92","4,141.13","21,103.77","46,170.77"
2003,December,"26,643.50","9,234.34","8,685.29","44,563.13","13,845.23","13,040.76","6,735.43","33,621.41","78,184.53","16,875.16","5,769.50","5,588.15","28,232.80","9,151.49","8,620.16","4,452.15","22,223.81","50,456.61"
2003,November,"25,295.52","7,515.32","7,406.60","40,217.45","13,215.92","12,430.32","6,549.76","32,196.00","72,413.45","16,170.71","4,801.64","4,744.73","25,717.08","8,759.29","8,239.01","4,341.20","21,339.50","47,056.59"
2003,October,"25,242.10","6,680.22","7,637.90","39,560.23","13,693.22","13,034.60","6,800.12","33,527.94","73,088.17","16,216.58","4,306.99","4,898.69","25,422.26","9,100.40","8,663.10","4,519.44","22,282.93","47,705.20"
2003,September,"24,386.73","6,140.13","7,217.44","37,744.30","13,087.44","12,122.54","6,712.33","31,922.31","69,666.61","15,788.84","4,003.96","4,651.06","24,443.86","8,721.59","8,078.96","4,473.29","21,273.85","45,717.71"
2003,August,"25,745.84","6,970.14","7,486.93","40,202.90","14,923.38","13,532.18","7,041.86","35,497.43","75,700.33","16,705.88","4,535.08","4,853.09","26,094.05","9,955.97","9,028.28","4,698.05","23,682.30","49,776.35"
2003,July,"26,070.03","6,531.01","7,281.02","39,882.07","14,194.49","13,333.15","6,878.10","34,405.74","74,287.81","16,991.89","4,276.10","4,733.58","26,001.56","9,485.28","8,910.13","4,596.34","22,991.75","48,993.32"
2003,June,"24,751.73","6,482.49","7,067.73","38,301.95","13,773.65","12,941.24","6,755.01","33,469.91","71,771.86","16,132.65","4,242.61","4,596.13","24,971.39","9,224.31","8,667.25","4,524.01","22,415.56","47,386.95"
2003,May,"26,116.03","6,659.49","7,316.46","40,091.98","14,296.41","13,303.40","6,787.78","34,387.58","74,479.56","17,127.18","4,380.14","4,792.81","26,300.13","9,595.50","8,929.44","4,555.98","23,080.91","49,381.04"
2003,April,"24,557.36","6,142.05","7,099.58","37,798.99","12,916.79","12,337.99","6,361.29","31,616.06","69,415.05","16,150.40","4,042.39","4,673.07","24,865.86","8,688.67","8,299.73","4,279.14","21,267.53","46,133.39"
2003,March,"24,806.63","6,272.11","7,384.01","38,462.74","13,458.31","12,566.77","6,395.11","32,420.19","70,882.94","16,277.61","4,123.77","4,844.17","25,245.56","9,057.94","8,458.30","4,304.27","21,820.51","47,066.07"
2003,February,"22,846.61","5,653.44","6,835.07","35,335.12","11,958.11","10,871.91","5,930.54","28,760.56","64,095.68","14,999.93","3,724.41","4,481.42","23,205.76","8,061.61","7,329.70","3,998.22","19,389.52","42,595.27"
2003,January,"24,940.17","5,580.82","6,992.24","37,513.23","12,225.55","11,092.49","5,981.41","29,299.46","66,812.69","16,457.85","3,698.98","4,604.84","24,761.67","8,278.56","7,511.66","4,050.45","19,840.67","44,602.34"
2002,December,"25,886.84","8,196.62","8,380.59","42,464.04","13,208.72","11,963.56","6,455.95","31,628.23","74,092.27","17,141.38","5,369.79","5,606.98","28,118.15","8,933.03","8,091.26","4,366.67","21,390.96","49,509.11"
2002,November,"25,103.56","6,648.08","7,321.60","39,073.24","12,442.86","11,450.31","6,342.62","30,235.79","69,309.03","16,679.55","4,427.64","4,854.14","25,961.33","8,429.13","7,757.05","4,297.16","20,483.34","46,444.67"
2002,October,"24,480.65","5,811.47","7,340.51","37,632.63","12,607.79","11,763.79","6,522.30","30,893.88","68,526.52","16,302.83","3,885.75","4,872.70","25,061.28","8,550.36","7,978.30","4,423.81","20,952.47","46,013.75"
2002,September,"23,527.35","5,364.35","6,895.36","35,787.06","12,207.64","11,500.51","6,454.27","30,162.41","65,949.47","15,659.04","3,594.75","4,564.84","23,818.63","8,297.46","7,817.15","4,387.43","20,502.04","44,320.67"
2002,August,"25,275.80","5,995.74","7,307.13","38,578.67","13,741.42","12,733.95","6,675.99","33,151.36","71,730.03","16,851.61","4,003.51","4,865.54","25,720.67","9,360.86","8,674.91","4,548.33","22,584.10","48,304.77"
2002,July,"25,131.03","5,701.98","7,228.45","38,061.45","13,222.07","12,485.01","6,584.23","32,291.31","70,352.77","16,726.40","3,816.10","4,789.88","25,332.38","9,022.22","8,519.61","4,493.35","22,035.18","47,367.56"
2002,June,"24,450.21","5,865.04","7,021.74","37,336.98","13,096.72","12,279.09","6,633.42","32,009.23","69,346.21","16,291.86","3,919.53","4,667.21","24,878.60","8,951.73","8,393.21","4,534.53","21,879.46","46,758.06"
2002,May,"25,603.22","5,907.48","7,345.70","38,856.40","13,268.44","12,314.95","6,562.55","32,145.94","71,002.34","17,011.54","3,923.24","4,882.48","25,817.27","9,099.73","8,446.15","4,501.25","22,047.13","47,864.40"
2002,April,"23,283.08","5,338.24","6,914.30","35,535.63","12,545.55","11,810.92","6,228.87","30,585.34","66,120.96","15,391.05","3,510.60","4,588.74","23,490.39","8,623.39","8,118.75","4,282.02","21,024.16","44,514.54"
2002,March,"25,268.38","5,627.20","7,016.93","37,912.51","13,075.26","12,000.44","6,140.48","31,216.18","69,128.69","16,712.88","3,711.68","4,651.24","25,075.81","8,992.57","8,253.69","4,223.66","21,469.91","46,545.72"
2002,February,"22,563.65","4,918.92","6,204.88","33,687.45","11,749.50","10,533.42","5,663.97","27,946.89","61,634.34","14,949.37","3,258.09","4,111.82","22,319.29","8,085.33","7,248.79","3,898.09","19,232.22","41,551.50"
2002,January,"24,378.93","4,832.83","6,408.56","35,620.32","11,848.37","10,492.45","5,741.58","28,082.40","63,702.72","16,133.74","3,198.03","4,241.33","23,573.10","8,181.10","7,245.15","3,964.95","19,391.20","42,964.30"
2001,December,"26,892.79","7,487.20","7,779.66","42,159.65","12,907.12","11,665.01","6,102.80","30,674.92","72,834.57","17,948.18","4,933.11","5,257.92","28,139.21","8,931.04","8,071.41","4,222.69","21,225.14","49,364.36"
2001,November,"25,096.40","5,853.81","6,940.66","37,890.88","11,598.68","10,990.63","5,981.69","28,571.00","66,461.88","16,749.27","3,889.04","4,651.74","25,290.05","8,034.80","7,613.44","4,143.61","19,791.85","45,081.90"
2001,October,"24,688.98","5,141.33","6,998.31","36,828.62","11,929.42","11,290.47","6,258.27","29,478.15","66,306.77","16,430.34","3,455.21","4,625.35","24,510.89","8,273.33","7,830.05","4,340.14","20,443.52","44,954.41"
2001,September,"24,351.08","4,822.17","6,762.42","35,935.67","11,688.53","10,905.69","6,231.23","28,825.45","64,761.12","16,289.15","3,258.11","4,492.83","24,040.09","8,129.41","7,584.80","4,333.73","20,047.94","44,088.04"
2001,August,"25,357.30","5,194.81","7,262.83","37,814.94","13,151.86","12,064.11","6,466.33","31,682.29","69,497.23","16,971.97","3,485.93","4,853.91","25,311.81","9,168.10","8,409.68","4,507.53","22,085.32","47,397.13"
2001,July,"24,996.23","4,940.31","7,027.64","36,964.18","12,708.96","11,970.99","6,356.52","31,036.47","68,000.65","16,759.17","3,331.30","4,694.55","24,785.02","8,889.89","8,373.52","4,446.26","21,709.68","46,494.70"
2001,June,"24,906.52","5,017.43","7,134.93","37,058.88","12,596.00","11,854.33","6,504.75","30,955.08","68,013.96","16,756.84","3,387.86","4,789.86","24,934.55","8,836.25","8,315.80","4,563.05","21,715.11","46,649.66"
2001,May,"25,532.23","4,984.20","7,352.50","37,868.93","12,428.18","11,776.55","6,436.21","30,640.94","68,509.88","17,227.51","3,364.73","4,961.07","25,553.31","8,743.72","8,285.11","4,528.01","21,556.83","47,110.14"
2001,April,"23,855.45","4,680.58","7,025.32","35,561.35","11,696.60","11,207.58","6,060.99","28,965.16","64,526.52","16,152.21","3,158.40","4,769.19","24,079.80","8,248.07","7,903.08","4,273.91","20,425.07","44,504.88"
2001,March,"24,732.34","4,576.91","7,147.05","36,456.29","12,293.11","11,635.33","6,001.25","29,929.70","66,385.99","16,765.41","3,104.68","4,844.41","24,714.50","8,688.84","8,223.76","4,241.61","21,154.22","45,868.72"
2001,February,"22,361.82","4,028.67","6,592.80","32,983.29","11,007.84","10,132.05","5,560.10","26,699.99","59,683.28","15,176.15","2,739.92","4,470.04","22,386.11","7,803.05","7,182.10","3,941.24","18,926.39","41,312.50"
2001,January,"23,665.57","4,135.75","6,903.57","34,704.89","11,057.57","10,164.80","5,709.40","26,931.77","61,636.66","16,107.83","2,818.14","4,697.37","23,623.33","7,856.60","7,222.13","4,056.52","19,135.24","42,758.58"
2000,December,"26,633.65","6,311.61","8,304.00","41,249.27","11,834.03","11,023.59","6,151.86","29,009.47","70,258.73","18,248.40","4,237.12","5,780.18","28,265.70","8,438.87","7,861.02","4,387.26","20,687.15","48,952.85"
2000,November,"24,204.25","4,901.86","7,291.49","36,397.61","11,167.62","10,504.21","5,899.23","27,571.05","63,968.66","16,721.41","3,360.49","5,066.11","25,148.00","7,982.34","7,508.23","4,216.97","19,707.54","44,855.55"
2000,October,"23,628.15","4,372.99","7,166.83","35,167.97","11,922.71","10,894.77","6,108.87","28,926.35","64,094.32","16,294.45","3,061.77","4,899.09","24,255.31","8,527.07","7,791.97","4,369.40","20,688.44","44,943.75"
2000,September,"23,727.25","4,137.93","6,976.70","34,841.88","11,739.79","10,822.17","6,128.95","28,690.92","63,532.80","16,372.47","2,896.82","4,775.34","24,044.63","8,411.06","7,753.71","4,391.49","20,556.26","44,600.89"
2000,August,"24,393.58","4,364.26","7,083.88","35,841.72","12,047.82","11,447.89","6,296.62","29,792.33","65,634.05","16,842.22","3,033.97","4,873.08","24,749.27","8,657.21","8,226.21","4,524.94","21,408.36","46,157.63"
2000,July,"24,609.52","4,244.45","6,934.04","35,788.01","12,210.19","11,540.93","6,299.19","30,050.31","65,838.32","17,051.89","2,971.44","4,776.95","24,800.28","8,794.65","8,312.68","4,537.50","21,644.82","46,445.10"
2000,June,"24,138.44","4,309.86","7,054.53","35,502.83","11,801.32","11,482.65","6,282.02","29,565.99","65,068.82","16,825.45","3,023.77","4,900.49","24,749.71","8,525.35","8,295.23","4,538.55","21,359.13","46,108.84"
2000,May,"24,290.04","4,206.42","7,017.90","35,514.36","11,871.51","11,272.03","6,132.89","29,276.43","64,790.80","16,910.91","2,921.73","4,895.56","24,728.20","8,591.35","8,157.59","4,438.71","21,187.65","45,915.84"
2000,April,"23,490.59","3,918.39","6,665.73","34,074.71","11,667.16","10,887.61","5,838.52","28,393.29","62,468.00","16,452.55","2,724.13","4,691.60","23,868.28","8,453.51","7,888.76","4,230.69","20,572.96","44,441.24"
2000,March,"23,647.38","3,975.49","6,971.78","34,594.65","11,903.97","10,911.12","5,864.54","28,679.63","63,274.28","16,572.32","2,786.20","4,888.53","24,247.04","8,635.36","7,915.21","4,254.61","20,805.19","45,052.23"
2000,February,"21,649.88","3,494.26","6,585.56","31,729.70","10,928.70","9,892.81","5,506.17","26,327.67","58,057.37","15,181.57","2,458.27","4,612.56","22,252.40","7,942.07","7,189.35","4,001.76","19,133.18","41,385.58"
2000,January,"22,257.04","3,397.02","6,308.80","31,962.86","10,470.97","9,696.50","5,347.16","25,514.63","57,477.48","15,607.33","2,382.49","4,426.09","22,415.91","7,627.64","7,063.55","3,895.49","18,586.67","41,002.59"
1999,December,"26,784.21","5,602.41","7,876.89","40,263.52","11,235.57","10,768.89","5,506.72","27,511.19","67,774.71","18,884.19","3,905.34","5,600.07","28,389.60","8,205.49","7,864.85","4,021.93","20,092.27","48,481.87"
1999,November,"23,391.09","4,111.57","6,676.92","34,179.58","10,716.43","10,090.87","5,133.68","25,940.98","60,120.55","16,521.84","2,899.84","4,721.96","24,143.63","7,840.45","7,382.95","3,756.23","18,979.63","43,123.27"
1999,October,"23,709.01","3,730.47","6,536.08","33,975.56","11,566.69","10,700.78","5,259.27","27,526.75","61,502.31","16,746.39","2,663.57","4,589.55","23,999.52","8,477.81","7,843.32","3,855.09","20,176.21","44,175.73"
1999,September,"23,476.37","3,499.76","6,358.32","33,334.45","10,780.41","10,038.24","5,221.43","26,040.08","59,374.53","16,642.55","2,508.66","4,481.33","23,632.54","7,920.56","7,375.45","3,836.57","19,132.58","42,765.12"
1999,August,"23,715.74","3,649.78","6,447.63","33,813.15","11,431.58","10,718.33","5,426.00","27,575.90","61,389.05","16,853.23","2,608.97","4,568.16","24,030.35","8,409.13","7,884.64","3,991.70","20,285.47","44,315.82"
1999,July,"24,930.56","3,580.64","6,397.63","34,908.82","11,569.40","11,005.22","5,464.41","28,039.04","62,947.86","17,759.81","2,569.05","4,540.78","24,869.64","8,536.29","8,120.21","4,032.13","20,688.63","45,558.27"
1999,June,"23,434.47","3,615.44","6,321.74","33,371.66","11,053.49","10,549.08","5,397.93","27,000.51","60,372.16","16,694.04","2,587.73","4,492.77","23,774.54","8,180.41","7,807.28","3,995.17","19,982.86","43,757.41"
1999,May,"24,301.46","3,597.16","6,373.36","34,271.98","11,292.52","10,869.00","5,285.84","27,447.36","61,719.34","17,290.53","2,550.16","4,545.46","24,386.15","8,357.30","8,044.05","3,912.22","20,313.57","44,699.73"
1999,April,"22,970.69","3,274.99","6,246.41","32,492.09","11,022.73","10,260.12","5,036.81","26,319.66","58,811.75","16,383.67","2,317.03","4,475.54","23,176.23","8,162.60","7,598.04","3,730.17","19,490.81","42,667.05"
1999,March,"23,346.95","3,335.87","6,292.06","32,974.88","10,824.70","10,090.87","4,934.98","25,850.55","58,825.43","16,662.23","2,368.77","4,503.99","23,535.00","8,030.60","7,486.36","3,661.44","19,178.40","42,713.40"
1999,February,"21,074.39","2,880.01","5,680.38","29,634.79","9,911.28","9,141.44","4,614.91","23,667.63","53,302.41","15,003.63","2,039.16","4,056.65","21,099.44","7,370.91","6,798.54","3,432.32","17,601.78","38,701.21"
1999,January,"22,647.53","2,968.46","5,800.61","31,416.61","9,975.50","9,248.76","4,596.20","23,820.46","55,237.06","16,074.53","2,117.60","4,107.86","22,299.99","7,432.28","6,890.98","3,424.68","17,747.94","40,047.94"
1998,December,"25,187.35","4,441.54","7,156.05","36,784.93","10,868.61","10,174.40","4,895.40","25,938.42","62,723.35","18,068.21","3,113.75","5,207.39","26,389.35","8,120.95","7,602.55","3,658.03","19,381.53","45,770.88"
1998,November,"22,698.80","3,483.17","6,194.16","32,376.12","10,210.16","9,647.59","4,620.63","24,478.38","56,854.50","16,293.06","2,493.38","4,454.34","23,240.78","7,647.73","7,226.63","3,461.20","18,335.56","41,576.34"
1998,October,"23,329.22","3,138.72","6,258.62","32,726.56","10,988.33","10,387.81","4,796.31","26,172.46","58,899.02","16,745.58","2,282.78","4,463.98","23,492.34","8,245.82","7,795.49","3,599.45","19,640.75","43,133.09"
1998,September,"22,418.61","2,885.09","5,935.19","31,238.89","10,343.25","9,787.80","4,729.10","24,860.14","56,099.03","16,221.72","2,121.39","4,262.17","22,605.28","7,771.31","7,354.27","3,553.38","18,678.96","41,284.24"
1998,August,"23,333.74","3,034.68","6,084.73","32,453.15","11,041.70","10,587.81","4,919.71","26,549.22","59,002.37","16,862.97","2,204.42","4,387.46","23,454.85","8,326.90","7,984.94","3,710.34","20,022.18","43,477.03"
1998,July,"23,971.70","2,957.37","6,202.66","33,131.73","10,951.93","10,557.92","4,959.94","26,469.79","59,601.52","17,388.65","2,167.79","4,478.19","24,034.63","8,279.72","7,982.16","3,749.97","20,011.84","44,046.47"
1998,June,"22,576.78","2,988.59","6,118.77","31,684.14","10,722.50","10,230.08","4,927.54","25,880.12","57,564.26","16,407.42","2,187.89","4,432.16","23,027.46","8,126.44","7,753.55","3,734.75","19,614.74","42,642.20"
1998,May,"23,511.49","3,018.99","6,122.79","32,653.27","10,944.19","10,677.51","4,824.19","26,445.89","59,099.16","17,065.44","2,182.23","4,454.61","23,702.28","8,299.63","8,097.70","3,658.69","20,056.03","43,758.31"
1998,April,"22,283.79","2,810.45","6,022.27","31,116.51","10,302.18","9,845.53","4,564.21","24,711.92","55,828.43","16,224.81","2,032.24","4,400.22","22,657.27","7,832.26","7,485.39","3,470.17","18,787.81","41,445.09"
1998,March,"22,039.00","2,682.36","5,950.13","30,671.49","10,451.13","9,721.82","4,466.57","24,639.52","55,311.00","16,046.58","1,949.95","4,336.70","22,333.23","7,960.41","7,405.20","3,402.31","18,767.91","41,101.15"
1998,February,"20,115.34","2,363.54","5,585.65","28,064.53","9,546.85","8,585.72","4,213.01","22,345.57","50,410.09","14,664.27","1,716.49","4,079.77","20,460.54","7,285.30","6,552.11","3,215.19","17,052.61","37,513.14"
1998,January,"22,173.07","2,434.47","5,735.45","30,342.99","9,576.70","8,878.51","4,230.93","22,686.14","53,029.13","16,063.98","1,776.51","4,143.77","21,984.26","7,326.45","6,792.58","3,236.98","17,356.00","39,340.26"
1997,December,"24,050.48","3,680.84","7,115.80","34,847.12","10,230.63","9,365.25","4,496.09","24,091.97","58,939.09","17,620.21","2,625.28","5,285.88","25,531.38","7,838.48","7,175.19","3,444.90","18,458.56","43,989.94"
1997,November,"22,568.00","2,863.82","6,191.97","31,623.79","9,733.14","9,010.91","4,305.25","23,049.30","54,673.09","16,544.49","2,081.42","4,558.40","23,184.30","7,476.12","6,921.12","3,306.99","17,704.23","40,888.54"
1997,October,"22,785.41","2,603.77","6,284.87","31,674.05","10,394.29","9,546.54","4,474.60","24,415.42","56,089.48","16,714.38","1,935.15","4,586.23","23,235.76","8,004.14","7,351.07","3,445.77","18,800.98","42,036.73"
1997,September,"21,893.80","2,331.00","6,015.08","30,239.88","10,083.46","9,197.35","4,457.92","23,738.73","53,978.61","16,100.84","1,740.79","4,397.98","22,239.61","7,784.47","7,100.14","3,441.62","18,326.23","40,565.84"
1997,August,"23,325.53","2,549.99","6,188.58","32,064.10","11,063.93","10,100.71","4,647.53","25,812.17","57,876.27","17,164.56","1,876.69","4,554.84","23,596.09","8,563.11","7,817.32","3,597.13","19,977.56","43,573.66"
1997,July,"23,477.04","2,472.49","6,192.60","32,142.13","10,600.75","9,992.55","4,638.13","25,231.44","57,373.57","17,363.69","1,850.92","4,558.90","23,773.51","8,220.29","7,748.39","3,596.71","19,565.39","43,338.90"
1997,June,"22,185.45","2,456.23","6,093.87","30,735.56","9,992.53","9,845.25","4,582.99","24,420.77","55,156.33","16,450.16","1,822.96","4,517.85","22,790.96","7,773.39","7,658.54","3,565.30","18,997.23","41,788.20"
1997,May,"23,613.38","2,519.27","6,194.41","32,327.06","10,509.64","10,112.04","4,502.22","25,123.90","57,450.97","17,486.71","1,862.78","4,591.16","23,940.66","8,191.35","7,881.17","3,509.20","19,581.72","43,522.38"
1997,April,"21,674.88","2,243.47","5,956.79","29,875.14","9,831.41","9,332.29","4,256.56","23,420.26","53,295.39","16,051.17","1,659.43","4,414.22","22,124.82","7,667.63","7,278.10","3,319.84","18,265.57","40,390.39"
1997,March,"22,932.37","2,307.94","6,202.18","31,442.48","10,093.29","9,340.53","4,211.67","23,645.48","55,087.97","16,960.86","1,695.07","4,600.11","23,256.03","7,881.97","7,293.87","3,289.04","18,464.87","41,720.90"
1997,February,"20,259.81","1,985.36","5,783.92","28,029.09","9,094.30","8,255.88","3,968.89","21,319.07","49,348.16","14,984.23","1,475.41","4,271.72","20,731.36","7,120.10","6,463.46","3,107.40","16,690.96","37,422.31"
1997,January,"22,190.75","2,047.19","5,961.95","30,199.90","9,153.22","8,302.23","4,007.92","21,463.37","51,663.27","16,391.56","1,544.59","4,372.52","22,308.67","7,180.08","6,512.30","3,144.02","16,836.40","39,145.07"
